Name,# Nucleotide Sequences With Mates,# Nucleotides,# Sequences,% Identical Sites,% Of Ref Seq,% Pairwise Identity,%GC,Created Date,Description,Free end gaps,Imported From: Filename,Imported From: Path,Max Sequence Length,Mean Coverage,Min Sequence Length,Modified,Read Technology,Ref Seq Index,Ref Seq Length,Ref Seq Name,Sample,Sequence Length,Sequence List Name,SequenceListOrderingRevisionNumber,Size,Topology,URN
190812-1-1-IDBD-D100331-d-01-AHMV5GAFXY-CGGTTACGGC-CTATAGTCTT-5d52c7c8_S13_R1_001.postAdapt.postQual assembled to GCF_000149245.1_CNA3_genomic NC_026745.1,0,165292835,1319700,95.00%,96.60%,99.90%,48.10%,Sat Aug 17 20:50:28 MDT 2019,"1,319,699 reads from 190812-1-1-IDBD-D100331-d-01-AHMV5GAFXY-CGGTTACGGC-CTATAGTCTT-5d52c7c8_S13_R1_001.postAdapt.postQual mapped to NC_026745.1 using Geneious",TRUE,190812-1-1-IDBD-D100331-d-01-AHMV5GAFXY-CGGTTACGGC-CTATAGTCTT-5d52c7c8_S13_R1_001.postAdapt.postQual.fastq.gz,/Users/idbydna/Desktop/jmontgomery,147,71.12914032,60,Sat Aug 17 20:50:29 MDT 2019,Illumina,0,2291499,NC_026745.1,190812-1-1-IDBD-D100331-d-01-AHMV5GAFXY-CGGTTACGGC-CTATAGTCTT-5d52c7c8_S13_R1_001.postAdapt.postQual,2292336,,0,"220,528 KB",linear,urn:local:.:7j-augl0hm
190812-1-1-IDBD-D100331-d-01-AHMV5GAFXY-CGGTTACGGC-CTATAGTCTT-5d52c7c8_S13_R1_001.postAdapt.postQual assembled to GCF_000149245.1_CNA3_genomic NC_026746.1,0,91747536,729013,96.30%,96.20%,99.90%,48.00%,Sat Aug 17 20:50:35 MDT 2019,"729,012 reads from 190812-1-1-IDBD-D100331-d-01-AHMV5GAFXY-CGGTTACGGC-CTATAGTCTT-5d52c7c8_S13_R1_001.postAdapt.postQual mapped to NC_026746.1 using Geneious",TRUE,190812-1-1-IDBD-D100331-d-01-AHMV5GAFXY-CGGTTACGGC-CTATAGTCTT-5d52c7c8_S13_R1_001.postAdapt.postQual.fastq.gz,/Users/idbydna/Desktop/jmontgomery,147,55.57788356,60,Sat Aug 17 20:50:35 MDT 2019,Illumina,0,1621675,NC_026746.1,190812-1-1-IDBD-D100331-d-01-AHMV5GAFXY-CGGTTACGGC-CTATAGTCTT-5d52c7c8_S13_R1_001.postAdapt.postQual,1622223,,0,"133,360 KB",linear,urn:local:.:7n-augl0zn
190812-1-1-IDBD-D100331-d-01-AHMV5GAFXY-CGGTTACGGC-CTATAGTCTT-5d52c7c8_S13_R1_001.postAdapt.postQual assembled to GCF_000149245.1_CNA3_genomic NC_026747.1,0,84838801,674112,96.20%,96.80%,99.90%,48.00%,Sat Aug 17 20:50:41 MDT 2019,"674,111 reads from 190812-1-1-IDBD-D100331-d-01-AHMV5GAFXY-CGGTTACGGC-CTATAGTCTT-5d52c7c8_S13_R1_001.postAdapt.postQual mapped to NC_026747.1 using Geneious",TRUE,190812-1-1-IDBD-D100331-d-01-AHMV5GAFXY-CGGTTACGGC-CTATAGTCTT-5d52c7c8_S13_R1_001.postAdapt.postQual.fastq.gz,/Users/idbydna/Desktop/jmontgomery,147,52.86162548,60,Sat Aug 17 20:50:41 MDT 2019,Illumina,0,1575141,NC_026747.1,190812-1-1-IDBD-D100331-d-01-AHMV5GAFXY-CGGTTACGGC-CTATAGTCTT-5d52c7c8_S13_R1_001.postAdapt.postQual,1575608,,0,"123,807 KB",linear,urn:local:.:7r-augl1gd
190812-1-1-IDBD-D100331-d-01-AHMV5GAFXY-CGGTTACGGC-CTATAGTCTT-5d52c7c8_S13_R1_001.postAdapt.postQual assembled to GCF_000149245.1_CNA3_genomic NC_026748.1,0,50840165,402994,96.50%,94.30%,99.90%,48.10%,Sat Aug 17 20:50:45 MDT 2019,"402,993 reads from 190812-1-1-IDBD-D100331-d-01-AHMV5GAFXY-CGGTTACGGC-CTATAGTCTT-5d52c7c8_S13_R1_001.postAdapt.postQual mapped to NC_026748.1 using Geneious",TRUE,190812-1-1-IDBD-D100331-d-01-AHMV5GAFXY-CGGTTACGGC-CTATAGTCTT-5d52c7c8_S13_R1_001.postAdapt.postQual.fastq.gz,/Users/idbydna/Desktop/jmontgomery,147,45.86543452,60,Sat Aug 17 20:50:45 MDT 2019,Illumina,0,1084805,NC_026748.1,190812-1-1-IDBD-D100331-d-01-AHMV5GAFXY-CGGTTACGGC-CTATAGTCTT-5d52c7c8_S13_R1_001.postAdapt.postQual,1085100,,0,"74,828 KB",linear,urn:local:.:7v-augl1qm
190812-1-1-IDBD-D100331-d-01-AHMV5GAFXY-CGGTTACGGC-CTATAGTCTT-5d52c7c8_S13_R1_001.postAdapt.postQual assembled to GCF_000149245.1_CNA3_genomic NC_026749.1,0,88177795,699606,96.50%,97.10%,99.90%,48.10%,Sat Aug 17 20:50:51 MDT 2019,"699,605 reads from 190812-1-1-IDBD-D100331-d-01-AHMV5GAFXY-CGGTTACGGC-CTATAGTCTT-5d52c7c8_S13_R1_001.postAdapt.postQual mapped to NC_026749.1 using Geneious",TRUE,190812-1-1-IDBD-D100331-d-01-AHMV5GAFXY-CGGTTACGGC-CTATAGTCTT-5d52c7c8_S13_R1_001.postAdapt.postQual.fastq.gz,/Users/idbydna/Desktop/jmontgomery,147,47.58133148,60,Sat Aug 17 20:50:51 MDT 2019,Illumina,0,1814975,NC_026749.1,190812-1-1-IDBD-D100331-d-01-AHMV5GAFXY-CGGTTACGGC-CTATAGTCTT-5d52c7c8_S13_R1_001.postAdapt.postQual,1815527,,0,"129,182 KB",linear,urn:local:.:7z-augl27y
190812-1-1-IDBD-D100331-d-01-AHMV5GAFXY-CGGTTACGGC-CTATAGTCTT-5d52c7c8_S13_R1_001.postAdapt.postQual assembled to GCF_000149245.1_CNA3_genomic NC_026750.1,0,70655807,560558,96.50%,97.30%,99.90%,48.10%,Sat Aug 17 20:50:56 MDT 2019,"560,557 reads from 190812-1-1-IDBD-D100331-d-01-AHMV5GAFXY-CGGTTACGGC-CTATAGTCTT-5d52c7c8_S13_R1_001.postAdapt.postQual mapped to NC_026750.1 using Geneious",TRUE,190812-1-1-IDBD-D100331-d-01-AHMV5GAFXY-CGGTTACGGC-CTATAGTCTT-5d52c7c8_S13_R1_001.postAdapt.postQual.fastq.gz,/Users/idbydna/Desktop/jmontgomery,147,48.66712603,60,Sat Aug 17 20:50:56 MDT 2019,Illumina,0,1422463,NC_026750.1,190812-1-1-IDBD-D100331-d-01-AHMV5GAFXY-CGGTTACGGC-CTATAGTCTT-5d52c7c8_S13_R1_001.postAdapt.postQual,1422971,,0,"103,393 KB",linear,urn:local:.:83-augl2n1
190812-1-1-IDBD-D100331-d-01-AHMV5GAFXY-CGGTTACGGC-CTATAGTCTT-5d52c7c8_S13_R1_001.postAdapt.postQual assembled to GCF_000149245.1_CNA3_genomic NC_026751.1,0,69387974,550299,96.50%,97.10%,99.90%,48.00%,Sat Aug 17 20:51:02 MDT 2019,"550,298 reads from 190812-1-1-IDBD-D100331-d-01-AHMV5GAFXY-CGGTTACGGC-CTATAGTCTT-5d52c7c8_S13_R1_001.postAdapt.postQual mapped to NC_026751.1 using Geneious",TRUE,190812-1-1-IDBD-D100331-d-01-AHMV5GAFXY-CGGTTACGGC-CTATAGTCTT-5d52c7c8_S13_R1_001.postAdapt.postQual.fastq.gz,/Users/idbydna/Desktop/jmontgomery,147,48.57928423,60,Sat Aug 17 20:51:02 MDT 2019,Illumina,0,1399503,NC_026751.1,190812-1-1-IDBD-D100331-d-01-AHMV5GAFXY-CGGTTACGGC-CTATAGTCTT-5d52c7c8_S13_R1_001.postAdapt.postQual,1399900,,0,"102,127 KB",linear,urn:local:.:87-augl32p
190812-1-1-IDBD-D100331-d-01-AHMV5GAFXY-CGGTTACGGC-CTATAGTCTT-5d52c7c8_S13_R1_001.postAdapt.postQual assembled to GCF_000149245.1_CNA3_genomic NC_026752.1,0,67932229,538232,96.50%,94.10%,99.90%,48.10%,Sat Aug 17 20:51:07 MDT 2019,"538,231 reads from 190812-1-1-IDBD-D100331-d-01-AHMV5GAFXY-CGGTTACGGC-CTATAGTCTT-5d52c7c8_S13_R1_001.postAdapt.postQual mapped to NC_026752.1 using Geneious",TRUE,190812-1-1-IDBD-D100331-d-01-AHMV5GAFXY-CGGTTACGGC-CTATAGTCTT-5d52c7c8_S13_R1_001.postAdapt.postQual.fastq.gz,/Users/idbydna/Desktop/jmontgomery,147,47.56765403,60,Sat Aug 17 20:51:07 MDT 2019,Illumina,0,1398693,NC_026752.1,190812-1-1-IDBD-D100331-d-01-AHMV5GAFXY-CGGTTACGGC-CTATAGTCTT-5d52c7c8_S13_R1_001.postAdapt.postQual,1399148,,0,"99,506 KB",linear,urn:local:.:8b-augl3gm
190812-1-1-IDBD-D100331-d-01-AHMV5GAFXY-CGGTTACGGC-CTATAGTCTT-5d52c7c8_S13_R1_001.postAdapt.postQual assembled to GCF_000149245.1_CNA3_genomic NC_026753.1,0,59869743,474869,96.40%,95.30%,99.90%,48.10%,Sat Aug 17 20:51:11 MDT 2019,"474,868 reads from 190812-1-1-IDBD-D100331-d-01-AHMV5GAFXY-CGGTTACGGC-CTATAGTCTT-5d52c7c8_S13_R1_001.postAdapt.postQual mapped to NC_026753.1 using Geneious",TRUE,190812-1-1-IDBD-D100331-d-01-AHMV5GAFXY-CGGTTACGGC-CTATAGTCTT-5d52c7c8_S13_R1_001.postAdapt.postQual.fastq.gz,/Users/idbydna/Desktop/jmontgomery,147,49.44566354,60,Sat Aug 17 20:51:12 MDT 2019,Illumina,0,1186808,NC_026753.1,190812-1-1-IDBD-D100331-d-01-AHMV5GAFXY-CGGTTACGGC-CTATAGTCTT-5d52c7c8_S13_R1_001.postAdapt.postQual,1187131,,0,"87,918 KB",linear,urn:local:.:8f-augl3sz
190812-1-1-IDBD-D100331-d-01-AHMV5GAFXY-CGGTTACGGC-CTATAGTCTT-5d52c7c8_S13_R1_001.postAdapt.postQual assembled to GCF_000149245.1_CNA3_genomic NC_026755.1,0,74752006,592589,96.50%,94.30%,99.90%,47.80%,Sat Aug 17 20:51:23 MDT 2019,"592,588 reads from 190812-1-1-IDBD-D100331-d-01-AHMV5GAFXY-CGGTTACGGC-CTATAGTCTT-5d52c7c8_S13_R1_001.postAdapt.postQual mapped to NC_026755.1 using Geneious",TRUE,190812-1-1-IDBD-D100331-d-01-AHMV5GAFXY-CGGTTACGGC-CTATAGTCTT-5d52c7c8_S13_R1_001.postAdapt.postQual.fastq.gz,/Users/idbydna/Desktop/jmontgomery,147,46.8567806,60,Sat Aug 17 20:51:23 MDT 2019,Illumina,0,1561994,NC_026755.1,190812-1-1-IDBD-D100331-d-01-AHMV5GAFXY-CGGTTACGGC-CTATAGTCTT-5d52c7c8_S13_R1_001.postAdapt.postQual,1562414,,0,"109,693 KB",linear,urn:local:.:8n-augl4p9
190812-1-1-IDBD-D100331-d-01-AHMV5GAFXY-CGGTTACGGC-CTATAGTCTT-5d52c7c8_S13_R1_001.postAdapt.postQual assembled to GCF_000149245.1_CNA3_genomic NC_026756.1,0,66795411,534413,94.10%,96.40%,99.90%,48.10%,Sat Aug 17 20:51:28 MDT 2019,"534,412 reads from 190812-1-1-IDBD-D100331-d-01-AHMV5GAFXY-CGGTTACGGC-CTATAGTCTT-5d52c7c8_S13_R1_001.postAdapt.postQual mapped to NC_026756.1 using Geneious",TRUE,190812-1-1-IDBD-D100331-d-01-AHMV5GAFXY-CGGTTACGGC-CTATAGTCTT-5d52c7c8_S13_R1_001.postAdapt.postQual.fastq.gz,/Users/idbydna/Desktop/jmontgomery,147,85.28950322,60,Sat Aug 17 20:51:28 MDT 2019,Illumina,0,774062,NC_026756.1,190812-1-1-IDBD-D100331-d-01-AHMV5GAFXY-CGGTTACGGC-CTATAGTCTT-5d52c7c8_S13_R1_001.postAdapt.postQual,774361,,0,"86,442 KB",linear,urn:local:.:8r-augl52k
190812-1-1-IDBD-D100331-d-01-AHMV5GAFXY-CGGTTACGGC-CTATAGTCTT-5d52c7c8_S13_R1_001.postAdapt.postQual assembled to GCF_000149245.1_CNA3_genomic NC_026757.1,0,35918710,284854,96.40%,92.90%,99.90%,48.10%,Sat Aug 17 20:51:31 MDT 2019,"284,853 reads from 190812-1-1-IDBD-D100331-d-01-AHMV5GAFXY-CGGTTACGGC-CTATAGTCTT-5d52c7c8_S13_R1_001.postAdapt.postQual mapped to NC_026757.1 using Geneious",TRUE,190812-1-1-IDBD-D100331-d-01-AHMV5GAFXY-CGGTTACGGC-CTATAGTCTT-5d52c7c8_S13_R1_001.postAdapt.postQual.fastq.gz,/Users/idbydna/Desktop/jmontgomery,147,46.46387121,60,Sat Aug 17 20:51:31 MDT 2019,Illumina,0,756744,NC_026757.1,190812-1-1-IDBD-D100331-d-01-AHMV5GAFXY-CGGTTACGGC-CTATAGTCTT-5d52c7c8_S13_R1_001.postAdapt.postQual,757014,,0,"46,850 KB",linear,urn:local:.:8v-augl5af
190812-1-1-IDBD-D100331-d-01-AHMV5GAFXY-CGGTTACGGC-CTATAGTCTT-5d52c7c8_S13_R1_001.postAdapt.postQual assembled to GCF_000149245.1_CNA3_genomic NC_026758.1,0,53279976,423942,95.90%,93.60%,99.80%,47.90%,Sat Aug 17 20:51:35 MDT 2019,"423,941 reads from 190812-1-1-IDBD-D100331-d-01-AHMV5GAFXY-CGGTTACGGC-CTATAGTCTT-5d52c7c8_S13_R1_001.postAdapt.postQual mapped to NC_026758.1 using Geneious",TRUE,190812-1-1-IDBD-D100331-d-01-AHMV5GAFXY-CGGTTACGGC-CTATAGTCTT-5d52c7c8_S13_R1_001.postAdapt.postQual.fastq.gz,/Users/idbydna/Desktop/jmontgomery,147,55.49879048,60,Sat Aug 17 20:51:35 MDT 2019,Illumina,0,942867,NC_026758.1,190812-1-1-IDBD-D100331-d-01-AHMV5GAFXY-CGGTTACGGC-CTATAGTCTT-5d52c7c8_S13_R1_001.postAdapt.postQual,943352,,0,"69,814 KB",linear,urn:local:.:8z-augl5mn