Platform,Instrument,FlowType,Lane,SequencingID,LibBatchID,Batch_Description,Seq_Description,i5_RevComp,Ind_Lanes,SeqInstrument_Description,Index1,Index2,Read1,Read2,Seq_ItemsList,Seq_ItemsValues,Project,Environ,Study,Study_Notes,LibWell,bioSple,SpleName,SpleType,SpleLocation,Sple_Description,i7_ID,LibType,IC_ID,IC_Lot,IC_rptID_lst,IC_name_lst,IC_disp_lst,IC_type_lst,IC_desc_lst,EC_ID,EC_Lot,EC_rptID_lst,EC_name_lst,EC_desc_lst,seqSple,AdaptorType,i5_ID,barcode,i7_seq,i5_seq,trimRead1,trimRead2,Adaptor_Description,Lib_Description,Lib_Conc,Lib_Conc_Unit,Lib_Conc_Method,Lib_Conc_Description,Lib_Size,Lib_Size_Unit,Lib_Size_Method,Lib_Size_Description,Lib_Conc2,Lib_Conc2_Unit,Lib_Conc2_Method,Lib_Conc2_Description
Illumina,NextSeq,MID,0,20190822SEQ,20190822UTI,VALIDATION RUN 3,2 nM by Qubit,yes,no,2-channel,,,,,,,ExplifyV2,PROD,Code01,Synergy,1,C14-3S2,None,,,,A02,DNA,icDNA01,,26706_10760,T7,T7,T7,,,,,,,20190822SEQ-C14-3S2-d-01,Nextera,A02,UDI_set_A;A02;A02,GACTGAGTAG,CACTATCAAC,CTGTCTCTTATACACATCT,,added by Tagmentation,changed formula to use constant library volume of 2ul,23.71212121,nM,Qubit,,,,,,,,,
Illumina,NextSeq,MID,0,20190822SEQ,20190822UTI,VALIDATION RUN 3,2 nM by Qubit,yes,no,2-channel,,,,,,,ExplifyV2,PROD,Code01,Synergy,2,C16-3S2,None,,,,B02,DNA,icDNA01,,26706_10760,T7,T7,T7,,,,,,,20190822SEQ-C16-3S2-d-02,Nextera,B02,UDI_set_A;B02;B02,AGTCAGACGA,TGTCGCTGGT,CTGTCTCTTATACACATCT,,added by Tagmentation,changed formula to use constant library volume of 2ul,5.353535354,nM,Qubit,,,,,,,,,
Illumina,NextSeq,MID,0,20190822SEQ,20190822UTI,VALIDATION RUN 3,2 nM by Qubit,yes,no,2-channel,,,,,,,ExplifyV2,PROD,Code01,Synergy,3,C17-3S2,None,,,,C02,DNA,icDNA01,,26706_10760,T7,T7,T7,,,,,,,20190822SEQ-C17-3S2-d-03,Nextera,C02,UDI_set_A;C02;C02,CCGTATGTTC,ACAGTGTATG,CTGTCTCTTATACACATCT,,added by Tagmentation,changed formula to use constant library volume of 2ul,4.217171717,nM,Qubit,,,,,,,,,
Illumina,NextSeq,MID,0,20190822SEQ,20190822UTI,VALIDATION RUN 3,2 nM by Qubit,yes,no,2-channel,,,,,,,ExplifyV2,PROD,Code01,Synergy,4,C18-3S2,None,,,,D02,DNA,icDNA01,,26706_10760,T7,T7,T7,,,,,,,20190822SEQ-C18-3S2-d-04,Nextera,D02,UDI_set_A;D02;D02,GAGTCATAGG,AGCGCCACAC,CTGTCTCTTATACACATCT,,added by Tagmentation,changed formula to use constant library volume of 2ul,1.217171717,nM,Qubit,,,,,,,,,
Illumina,NextSeq,MID,0,20190822SEQ,20190822UTI,VALIDATION RUN 3,2 nM by Qubit,yes,no,2-channel,,,,,,,ExplifyV2,PROD,Code01,Synergy,5,C21-3S2,None,,,,E02,DNA,icDNA01,,26706_10760,T7,T7,T7,,,,,,,20190822SEQ-C21-3S2-d-05,Nextera,E02,UDI_set_A;E02;E02,CTTGCCATTA,CCTTCGTGAT,CTGTCTCTTATACACATCT,,added by Tagmentation,changed formula to use constant library volume of 2ul,28.53535354,nM,Qubit,,,,,,,,,
Illumina,NextSeq,MID,0,20190822SEQ,20190822UTI,VALIDATION RUN 3,2 nM by Qubit,yes,no,2-channel,,,,,,,ExplifyV2,PROD,Code01,Synergy,6,C22-3S2,None,,,,F02,DNA,icDNA01,,26706_10760,T7,T7,T7,,,,,,,20190822SEQ-C22-3S2-d-06,Nextera,F02,UDI_set_A;F02;F02,GAAGCGGCAC,AGTAGAGCCG,CTGTCTCTTATACACATCT,,added by Tagmentation,changed formula to use constant library volume of 2ul,40.15151515,nM,Qubit,,,,,,,,,
Illumina,NextSeq,MID,0,20190822SEQ,20190822UTI,VALIDATION RUN 3,2 nM by Qubit,yes,no,2-channel,,,,,,,ExplifyV2,PROD,Code01,Synergy,7,C24-3S2,None,,,,G02,DNA,icDNA01,,26706_10760,T7,T7,T7,,,,,,,20190822SEQ-C24-3S2-d-07,Nextera,G02,UDI_set_A;G02;G02,TCCATTGCCG,TCGTGCATTC,CTGTCTCTTATACACATCT,,added by Tagmentation,changed formula to use constant library volume of 2ul,33.08080808,nM,Qubit,,,,,,,,,
Illumina,NextSeq,MID,0,20190822SEQ,20190822UTI,VALIDATION RUN 3,2 nM by Qubit,yes,no,2-channel,,,,,,,ExplifyV2,PROD,Code01,Synergy,8,C25-3S2,None,,,,H02,DNA,icDNA01,,26706_10760,T7,T7,T7,,,,,,,20190822SEQ-C25-3S2-d-08,Nextera,H02,UDI_set_A;H02;H02,CGGTTACGGC,CTATAGTCTT,CTGTCTCTTATACACATCT,,added by Tagmentation,changed formula to use constant library volume of 2ul,14.97474747,nM,Qubit,,,,,,,,,
Illumina,NextSeq,MID,0,20190822SEQ,20190822UTI,VALIDATION RUN 3,2 nM by Qubit,yes,no,2-channel,,,,,,,ExplifyV2,PROD,Code01,Synergy,9,C26-3S2,None,,,,A03,DNA,icDNA01,,26706_10760,T7,T7,T7,,,,,,,20190822SEQ-C26-3S2-d-09,Nextera,A03,UDI_set_A;A03;A03,GAGAATGGTT,TTGCTGCCGA,CTGTCTCTTATACACATCT,,added by Tagmentation,changed formula to use constant library volume of 2ul,6.691919192,nM,Qubit,,,,,,,,,
Illumina,NextSeq,MID,0,20190822SEQ,20190822UTI,VALIDATION RUN 3,2 nM by Qubit,yes,no,2-channel,,,,,,,ExplifyV2,PROD,Code01,Synergy,10,C27-3S2,None,,,,B03,DNA,icDNA01,,26706_10760,T7,T7,T7,,,,,,,20190822SEQ-C27-3S2-d-10,Nextera,B03,UDI_set_A;B03;B03,AGAGGCAACC,CCATCATTAG,CTGTCTCTTATACACATCT,,added by Tagmentation,changed formula to use constant library volume of 2ul,11.48989899,nM,Qubit,,,,,,,,,
Illumina,NextSeq,MID,0,20190822SEQ,20190822UTI,VALIDATION RUN 3,2 nM by Qubit,yes,no,2-channel,,,,,,,ExplifyV2,PROD,Code01,Synergy,1,C14-3S2,None,,,,A02,RNA,icDNA01,,26706_10760,T7,T7,T7,,,,,,,r-20190822SEQ-C14-3S2-d-01,Nextera,A02,UDI_set_A;A02;A02,GACTGAGTAG,CACTATCAAC,CTGTCTCTTATACACATCT,,added by Tagmentation,changed formula to use constant library volume of 2ul,23.71212121,nM,Qubit,,,,,,,,,
Illumina,NextSeq,MID,0,20190822SEQ,20190822UTI,VALIDATION RUN 3,2 nM by Qubit,yes,no,2-channel,,,,,,,ExplifyV2,PROD,Code01,Synergy,2,C16-3S2,None,,,,B02,RNA,icDNA01,,26706_10760,T7,T7,T7,,,,,,,r-20190822SEQ-C16-3S2-d-02,Nextera,B02,UDI_set_A;B02;B02,AGTCAGACGA,TGTCGCTGGT,CTGTCTCTTATACACATCT,,added by Tagmentation,changed formula to use constant library volume of 2ul,5.353535354,nM,Qubit,,,,,,,,,
Illumina,NextSeq,MID,0,20190822SEQ,20190822UTI,VALIDATION RUN 3,2 nM by Qubit,yes,no,2-channel,,,,,,,ExplifyV2,PROD,Code01,Synergy,3,C17-3S2,None,,,,C02,RNA,icDNA01,,26706_10760,T7,T7,T7,,,,,,,r-20190822SEQ-C17-3S2-d-03,Nextera,C02,UDI_set_A;C02;C02,CCGTATGTTC,ACAGTGTATG,CTGTCTCTTATACACATCT,,added by Tagmentation,changed formula to use constant library volume of 2ul,4.217171717,nM,Qubit,,,,,,,,,
Illumina,NextSeq,MID,0,20190822SEQ,20190822UTI,VALIDATION RUN 3,2 nM by Qubit,yes,no,2-channel,,,,,,,ExplifyV2,PROD,Code01,Synergy,4,C18-3S2,None,,,,D02,RNA,icDNA01,,26706_10760,T7,T7,T7,,,,,,,r-20190822SEQ-C18-3S2-d-04,Nextera,D02,UDI_set_A;D02;D02,GAGTCATAGG,AGCGCCACAC,CTGTCTCTTATACACATCT,,added by Tagmentation,changed formula to use constant library volume of 2ul,1.217171717,nM,Qubit,,,,,,,,,
Illumina,NextSeq,MID,0,20190822SEQ,20190822UTI,VALIDATION RUN 3,2 nM by Qubit,yes,no,2-channel,,,,,,,ExplifyV2,PROD,Code01,Synergy,5,C21-3S2,None,,,,E02,RNA,icDNA01,,26706_10760,T7,T7,T7,,,,,,,r-20190822SEQ-C21-3S2-d-05,Nextera,E02,UDI_set_A;E02;E02,CTTGCCATTA,CCTTCGTGAT,CTGTCTCTTATACACATCT,,added by Tagmentation,changed formula to use constant library volume of 2ul,28.53535354,nM,Qubit,,,,,,,,,
Illumina,NextSeq,MID,0,20190822SEQ,20190822UTI,VALIDATION RUN 3,2 nM by Qubit,yes,no,2-channel,,,,,,,ExplifyV2,PROD,Code01,Synergy,6,C22-3S2,None,,,,F02,RNA,icDNA01,,26706_10760,T7,T7,T7,,,,,,,r-20190822SEQ-C22-3S2-d-06,Nextera,F02,UDI_set_A;F02;F02,GAAGCGGCAC,AGTAGAGCCG,CTGTCTCTTATACACATCT,,added by Tagmentation,changed formula to use constant library volume of 2ul,40.15151515,nM,Qubit,,,,,,,,,
Illumina,NextSeq,MID,0,20190822SEQ,20190822UTI,VALIDATION RUN 3,2 nM by Qubit,yes,no,2-channel,,,,,,,ExplifyV2,PROD,Code01,Synergy,7,C24-3S2,None,,,,G02,RNA,icDNA01,,26706_10760,T7,T7,T7,,,,,,,r-20190822SEQ-C24-3S2-d-07,Nextera,G02,UDI_set_A;G02;G02,TCCATTGCCG,TCGTGCATTC,CTGTCTCTTATACACATCT,,added by Tagmentation,changed formula to use constant library volume of 2ul,33.08080808,nM,Qubit,,,,,,,,,
Illumina,NextSeq,MID,0,20190822SEQ,20190822UTI,VALIDATION RUN 3,2 nM by Qubit,yes,no,2-channel,,,,,,,ExplifyV2,PROD,Code01,Synergy,8,C25-3S2,None,,,,H02,RNA,icDNA01,,26706_10760,T7,T7,T7,,,,,,,r-20190822SEQ-C25-3S2-d-08,Nextera,H02,UDI_set_A;H02;H02,CGGTTACGGC,CTATAGTCTT,CTGTCTCTTATACACATCT,,added by Tagmentation,changed formula to use constant library volume of 2ul,14.97474747,nM,Qubit,,,,,,,,,
Illumina,NextSeq,MID,0,20190822SEQ,20190822UTI,VALIDATION RUN 3,2 nM by Qubit,yes,no,2-channel,,,,,,,ExplifyV2,PROD,Code01,Synergy,9,C26-3S2,None,,,,A03,RNA,icDNA01,,26706_10760,T7,T7,T7,,,,,,,r-20190822SEQ-C26-3S2-d-09,Nextera,A03,UDI_set_A;A03;A03,GAGAATGGTT,TTGCTGCCGA,CTGTCTCTTATACACATCT,,added by Tagmentation,changed formula to use constant library volume of 2ul,6.691919192,nM,Qubit,,,,,,,,,
Illumina,NextSeq,MID,0,20190822SEQ,20190822UTI,VALIDATION RUN 3,2 nM by Qubit,yes,no,2-channel,,,,,,,ExplifyV2,PROD,Code01,Synergy,10,C27-3S2,None,,,,B03,RNA,icDNA01,,26706_10760,T7,T7,T7,,,,,,,r-20190822SEQ-C27-3S2-d-10,Nextera,B03,UDI_set_A;B03;B03,AGAGGCAACC,CCATCATTAG,CTGTCTCTTATACACATCT,,added by Tagmentation,changed formula to use constant library volume of 2ul,11.48989899,nM,Qubit,,,,,,,,,
Illumina,NextSeq,MID,0,20190824SEQ,20190824UTI,VALIDATION RUN 5,2 nM by Qubit,yes,no,2-channel,,,,,,,ExplifyV2,PROD,Code01,Synergy,1,C14-S4,None,,,,A03,DNA,icDNA01,see prev,26706_10760,T7,T7,T7,,,,,,,20190824SEQ-C14-S4-d-01,Nextera,A03,UDI_set_A;A03;A03,GAGAATGGTT,TTGCTGCCGA,CTGTCTCTTATACACATCT,,added by Tagmentation,changed formula to use constant library volume of 2ul,26.26262626,nM,Qubit,,,,,,,,,
Illumina,NextSeq,MID,0,20190824SEQ,20190824UTI,VALIDATION RUN 5,2 nM by Qubit,yes,no,2-channel,,,,,,,ExplifyV2,PROD,Code01,Synergy,2,C16-S4,None,,,,B03,DNA,icDNA01,see prev,26706_10760,T7,T7,T7,,,,,,,20190824SEQ-C16-S4-d-02,Nextera,B03,UDI_set_A;B03;B03,AGAGGCAACC,CCATCATTAG,CTGTCTCTTATACACATCT,,added by Tagmentation,changed formula to use constant library volume of 2ul,7.070707071,nM,Qubit,,,,,,,,,
Illumina,NextSeq,MID,0,20190824SEQ,20190824UTI,VALIDATION RUN 5,2 nM by Qubit,yes,no,2-channel,,,,,,,ExplifyV2,PROD,Code01,Synergy,3,C17-S4,None,,,,C03,DNA,icDNA01,see prev,26706_10760,T7,T7,T7,,,,,,,20190824SEQ-C17-S4-d-03,Nextera,C03,UDI_set_A;C03;C03,CCATCATTAG,AGAGGCAACC,CTGTCTCTTATACACATCT,,added by Tagmentation,changed formula to use constant library volume of 2ul,3.98989899,nM,Qubit,,,,,,,,,
Illumina,NextSeq,MID,0,20190824SEQ,20190824UTI,VALIDATION RUN 5,2 nM by Qubit,yes,no,2-channel,,,,,,,ExplifyV2,PROD,Code01,Synergy,4,C18-S4,None,,,,D03,DNA,icDNA01,see prev,26706_10760,T7,T7,T7,,,,,,,20190824SEQ-C18-S4-d-04,Nextera,D03,UDI_set_A;D03;D03,GATAGGCCGA,GCCATGTGCG,CTGTCTCTTATACACATCT,,added by Tagmentation,changed formula to use constant library volume of 2ul,1.28030303,nM,Qubit,,,,,,,,,
Illumina,NextSeq,MID,0,20190824SEQ,20190824UTI,VALIDATION RUN 5,2 nM by Qubit,yes,no,2-channel,,,,,,,ExplifyV2,PROD,Code01,Synergy,5,C21-S4,None,,,,E03,DNA,icDNA01,see prev,26706_10760,T7,T7,T7,,,,,,,20190824SEQ-C21-S4-d-05,Nextera,E03,UDI_set_A;E03;E03,ATGGTTGACT,AGGACAGGCC,CTGTCTCTTATACACATCT,,added by Tagmentation,changed formula to use constant library volume of 2ul,31.81818182,nM,Qubit,,,,,,,,,
Illumina,NextSeq,MID,0,20190824SEQ,20190824UTI,VALIDATION RUN 5,2 nM by Qubit,yes,no,2-channel,,,,,,,ExplifyV2,PROD,Code01,Synergy,6,C22-S4,None,,,,F03,DNA,icDNA01,see prev,26706_10760,T7,T7,T7,,,,,,,20190824SEQ-C22-S4-d-06,Nextera,F03,UDI_set_A;F03;F03,TATTGCGCTC,CCTAACACAG,CTGTCTCTTATACACATCT,,added by Tagmentation,changed formula to use constant library volume of 2ul,44.19191919,nM,Qubit,,,,,,,,,
Illumina,NextSeq,MID,0,20190824SEQ,20190824UTI,VALIDATION RUN 5,2 nM by Qubit,yes,no,2-channel,,,,,,,ExplifyV2,PROD,Code01,Synergy,7,C24-S4,None,,,,G03,DNA,icDNA01,see prev,26706_10760,T7,T7,T7,,,,,,,20190824SEQ-C24-S4-d-07,Nextera,G03,UDI_set_A;G03;G03,ACGCCTTGTT,ACGTTCCTTA,CTGTCTCTTATACACATCT,,added by Tagmentation,changed formula to use constant library volume of 2ul,35.60606061,nM,Qubit,,,,,,,,,
Illumina,NextSeq,MID,0,20190824SEQ,20190824UTI,VALIDATION RUN 5,2 nM by Qubit,yes,no,2-channel,,,,,,,ExplifyV2,PROD,Code01,Synergy,8,C25-S4,None,,,,H03,DNA,icDNA01,see prev,26706_10760,T7,T7,T7,,,,,,,20190824SEQ-C25-S4-d-08,Nextera,H03,UDI_set_A;H03;H03,TTCTACATAC,TTACAGTTAG,CTGTCTCTTATACACATCT,,added by Tagmentation,changed formula to use constant library volume of 2ul,19.74747475,nM,Qubit,,,,,,,,,
Illumina,NextSeq,MID,0,20190824SEQ,20190824UTI,VALIDATION RUN 5,2 nM by Qubit,yes,no,2-channel,,,,,,,ExplifyV2,PROD,Code01,Synergy,9,C26-S4,None,,,,E02,DNA,icDNA01,see prev,26706_10760,T7,T7,T7,,,,,,,20190824SEQ-C26-S4-d-09,Nextera,E02,UDI_set_A;E02;E02,CTTGCCATTA,CCTTCGTGAT,CTGTCTCTTATACACATCT,,added by Tagmentation,changed formula to use constant library volume of 2ul,7.575757576,nM,Qubit,,,,,,,,,
Illumina,NextSeq,MID,0,20190824SEQ,20190824UTI,VALIDATION RUN 5,2 nM by Qubit,yes,no,2-channel,,,,,,,ExplifyV2,PROD,Code01,Synergy,10,C27-S4,None,,,,F02,DNA,icDNA01,see prev,26706_10760,T7,T7,T7,,,,,,,20190824SEQ-C27-S4-d-10,Nextera,F02,UDI_set_A;F02;F02,GAAGCGGCAC,AGTAGAGCCG,CTGTCTCTTATACACATCT,,added by Tagmentation,changed formula to use constant library volume of 2ul,14.54545455,nM,Qubit,,,,,,,,,
Illumina,NextSeq,MID,0,20190824SEQ,20190824UTI,VALIDATION RUN 5,2 nM by Qubit,yes,no,2-channel,,,,,,,ExplifyV2,PROD,Code01,Synergy,1,C14-S4,None,,,,A03,RNA,icDNA01,see prev,26706_10760,T7,T7,T7,,,,,,,r-20190824SEQ-C14-S4-d-01,Nextera,A03,UDI_set_A;A03;A03,GAGAATGGTT,TTGCTGCCGA,CTGTCTCTTATACACATCT,,added by Tagmentation,changed formula to use constant library volume of 2ul,26.26262626,nM,Qubit,,,,,,,,,
Illumina,NextSeq,MID,0,20190824SEQ,20190824UTI,VALIDATION RUN 5,2 nM by Qubit,yes,no,2-channel,,,,,,,ExplifyV2,PROD,Code01,Synergy,2,C16-S4,None,,,,B03,RNA,icDNA01,see prev,26706_10760,T7,T7,T7,,,,,,,r-20190824SEQ-C16-S4-d-02,Nextera,B03,UDI_set_A;B03;B03,AGAGGCAACC,CCATCATTAG,CTGTCTCTTATACACATCT,,added by Tagmentation,changed formula to use constant library volume of 2ul,7.070707071,nM,Qubit,,,,,,,,,
Illumina,NextSeq,MID,0,20190824SEQ,20190824UTI,VALIDATION RUN 5,2 nM by Qubit,yes,no,2-channel,,,,,,,ExplifyV2,PROD,Code01,Synergy,3,C17-S4,None,,,,C03,RNA,icDNA01,see prev,26706_10760,T7,T7,T7,,,,,,,r-20190824SEQ-C17-S4-d-03,Nextera,C03,UDI_set_A;C03;C03,CCATCATTAG,AGAGGCAACC,CTGTCTCTTATACACATCT,,added by Tagmentation,changed formula to use constant library volume of 2ul,3.98989899,nM,Qubit,,,,,,,,,
Illumina,NextSeq,MID,0,20190824SEQ,20190824UTI,VALIDATION RUN 5,2 nM by Qubit,yes,no,2-channel,,,,,,,ExplifyV2,PROD,Code01,Synergy,4,C18-S4,None,,,,D03,RNA,icDNA01,see prev,26706_10760,T7,T7,T7,,,,,,,r-20190824SEQ-C18-S4-d-04,Nextera,D03,UDI_set_A;D03;D03,GATAGGCCGA,GCCATGTGCG,CTGTCTCTTATACACATCT,,added by Tagmentation,changed formula to use constant library volume of 2ul,1.28030303,nM,Qubit,,,,,,,,,
Illumina,NextSeq,MID,0,20190824SEQ,20190824UTI,VALIDATION RUN 5,2 nM by Qubit,yes,no,2-channel,,,,,,,ExplifyV2,PROD,Code01,Synergy,5,C21-S4,None,,,,E03,RNA,icDNA01,see prev,26706_10760,T7,T7,T7,,,,,,,r-20190824SEQ-C21-S4-d-05,Nextera,E03,UDI_set_A;E03;E03,ATGGTTGACT,AGGACAGGCC,CTGTCTCTTATACACATCT,,added by Tagmentation,changed formula to use constant library volume of 2ul,31.81818182,nM,Qubit,,,,,,,,,
Illumina,NextSeq,MID,0,20190824SEQ,20190824UTI,VALIDATION RUN 5,2 nM by Qubit,yes,no,2-channel,,,,,,,ExplifyV2,PROD,Code01,Synergy,6,C22-S4,None,,,,F03,RNA,icDNA01,see prev,26706_10760,T7,T7,T7,,,,,,,r-20190824SEQ-C22-S4-d-06,Nextera,F03,UDI_set_A;F03;F03,TATTGCGCTC,CCTAACACAG,CTGTCTCTTATACACATCT,,added by Tagmentation,changed formula to use constant library volume of 2ul,44.19191919,nM,Qubit,,,,,,,,,
Illumina,NextSeq,MID,0,20190824SEQ,20190824UTI,VALIDATION RUN 5,2 nM by Qubit,yes,no,2-channel,,,,,,,ExplifyV2,PROD,Code01,Synergy,7,C24-S4,None,,,,G03,RNA,icDNA01,see prev,26706_10760,T7,T7,T7,,,,,,,r-20190824SEQ-C24-S4-d-07,Nextera,G03,UDI_set_A;G03;G03,ACGCCTTGTT,ACGTTCCTTA,CTGTCTCTTATACACATCT,,added by Tagmentation,changed formula to use constant library volume of 2ul,35.60606061,nM,Qubit,,,,,,,,,
Illumina,NextSeq,MID,0,20190824SEQ,20190824UTI,VALIDATION RUN 5,2 nM by Qubit,yes,no,2-channel,,,,,,,ExplifyV2,PROD,Code01,Synergy,8,C25-S4,None,,,,H03,RNA,icDNA01,see prev,26706_10760,T7,T7,T7,,,,,,,r-20190824SEQ-C25-S4-d-08,Nextera,H03,UDI_set_A;H03;H03,TTCTACATAC,TTACAGTTAG,CTGTCTCTTATACACATCT,,added by Tagmentation,changed formula to use constant library volume of 2ul,19.74747475,nM,Qubit,,,,,,,,,
Illumina,NextSeq,MID,0,20190824SEQ,20190824UTI,VALIDATION RUN 5,2 nM by Qubit,yes,no,2-channel,,,,,,,ExplifyV2,PROD,Code01,Synergy,9,C26-S4,None,,,,E02,RNA,icDNA01,see prev,26706_10760,T7,T7,T7,,,,,,,r-20190824SEQ-C26-S4-d-09,Nextera,E02,UDI_set_A;E02;E02,CTTGCCATTA,CCTTCGTGAT,CTGTCTCTTATACACATCT,,added by Tagmentation,changed formula to use constant library volume of 2ul,7.575757576,nM,Qubit,,,,,,,,,
Illumina,NextSeq,MID,0,20190824SEQ,20190824UTI,VALIDATION RUN 5,2 nM by Qubit,yes,no,2-channel,,,,,,,ExplifyV2,PROD,Code01,Synergy,10,C27-S4,None,,,,F02,RNA,icDNA01,see prev,26706_10760,T7,T7,T7,,,,,,,r-20190824SEQ-C27-S4-d-10,Nextera,F02,UDI_set_A;F02;F02,GAAGCGGCAC,AGTAGAGCCG,CTGTCTCTTATACACATCT,,added by Tagmentation,changed formula to use constant library volume of 2ul,14.54545455,nM,Qubit,,,,,,,,,
Illumina,NextSeq,HIGH,0,20190820SEQ,20190820UTI,VALIDATION RUN 2,2 nM by Qubit,yes,no,2-channel,,,,,,,ExplifyV2,PROD,Code01,Synergy,1,C14-2S1,None,,,None| nan|  |  ,A08,DNA,icDNA01,,26706_10760,T7,T7,T7,,,,,,,20190820SEQ-C14-2S1-d-01,Nextera,A08,UDI_set_A;A08;A08,TCTATCCTAA,CCAGTCGACG,CTGTCTCTTATACACATCT,,added by Tagmentation, ,0,nM,Qubit,,,,,,,,,
Illumina,NextSeq,HIGH,0,20190820SEQ,20190820UTI,VALIDATION RUN 2,2 nM by Qubit,yes,no,2-channel,,,,,,,ExplifyV2,PROD,Code01,Synergy,2,C15-2S1,None,,,None| nan|  |  ,B08,DNA,icDNA01,,26706_10760,T7,T7,T7,,,,,,,20190820SEQ-C15-2S1-d-02,Nextera,B08,UDI_set_A;B08;B08,CTCGCTTCGG,TTGACTAGTA,CTGTCTCTTATACACATCT,,added by Tagmentation, ,0,nM,Qubit,,,,,,,,,
Illumina,NextSeq,HIGH,0,20190820SEQ,20190820UTI,VALIDATION RUN 2,2 nM by Qubit,yes,no,2-channel,,,,,,,ExplifyV2,PROD,Code01,Synergy,3,C16-2S1,None,,,None| nan|  |  ,C08,DNA,icDNA01,,26706_10760,T7,T7,T7,,,,,,,20190820SEQ-C16-2S1-d-03,Nextera,C08,UDI_set_A;C08;C08,CTGTTGGTCC,AACGGTCTAT,CTGTCTCTTATACACATCT,,added by Tagmentation, ,0,nM,Qubit,,,,,,,,,
Illumina,NextSeq,HIGH,0,20190820SEQ,20190820UTI,VALIDATION RUN 2,2 nM by Qubit,yes,no,2-channel,,,,,,,ExplifyV2,PROD,Code01,Synergy,4,C17-2S1,None,,,None| nan|  |  ,D08,DNA,icDNA01,,26706_10760,T7,T7,T7,,,,,,,20190820SEQ-C17-2S1-d-04,Nextera,D08,UDI_set_A;D08;D08,TTACCTGGAA,CTGGAACTGT,CTGTCTCTTATACACATCT,,added by Tagmentation, ,0,nM,Qubit,,,,,,,,,
Illumina,NextSeq,HIGH,0,20190820SEQ,20190820UTI,VALIDATION RUN 2,2 nM by Qubit,yes,no,2-channel,,,,,,,ExplifyV2,PROD,Code01,Synergy,5,C18-2S1,None,,,None| nan|  |  ,E08,DNA,icDNA01,,26706_10760,T7,T7,T7,,,,,,,20190820SEQ-C18-2S1-d-05,Nextera,E08,UDI_set_A;E08;E08,TGGCTAATCA,CTACATGCCT,CTGTCTCTTATACACATCT,,added by Tagmentation, ,0,nM,Qubit,,,,,,,,,
Illumina,NextSeq,HIGH,0,20190820SEQ,20190820UTI,VALIDATION RUN 2,2 nM by Qubit,yes,no,2-channel,,,,,,,ExplifyV2,PROD,Code01,Synergy,6,C19-2S1,None,,,None| nan|  |  ,F08,DNA,icDNA01,,26706_10760,T7,T7,T7,,,,,,,20190820SEQ-C19-2S1-d-06,Nextera,F08,UDI_set_A;F08;F08,AACACTGTTA,TGAGACTTGC,CTGTCTCTTATACACATCT,,added by Tagmentation, ,0,nM,Qubit,,,,,,,,,
Illumina,NextSeq,HIGH,0,20190820SEQ,20190820UTI,VALIDATION RUN 2,2 nM by Qubit,yes,no,2-channel,,,,,,,ExplifyV2,PROD,Code01,Synergy,7,C21-2S1,None,,,None| nan|  |  ,G08,DNA,icDNA01,,26706_10760,T7,T7,T7,,,,,,,20190820SEQ-C21-2S1-d-07,Nextera,G08,UDI_set_A;G08;G08,ATTGCGCGGT,GCGGAGCCAA,CTGTCTCTTATACACATCT,,added by Tagmentation, ,0,nM,Qubit,,,,,,,,,
Illumina,NextSeq,HIGH,0,20190820SEQ,20190820UTI,VALIDATION RUN 2,2 nM by Qubit,yes,no,2-channel,,,,,,,ExplifyV2,PROD,Code01,Synergy,8,C22-2S1,None,,,None| nan|  |  ,H08,DNA,icDNA01,,26706_10760,T7,T7,T7,,,,,,,20190820SEQ-C22-2S1-d-08,Nextera,H08,UDI_set_A;H08;H08,TGGCGCGAAC,AGTATCAGTT,CTGTCTCTTATACACATCT,,added by Tagmentation, ,0,nM,Qubit,,,,,,,,,
Illumina,NextSeq,HIGH,0,20190820SEQ,20190820UTI,VALIDATION RUN 2,2 nM by Qubit,yes,no,2-channel,,,,,,,ExplifyV2,PROD,Code01,Synergy,9,C24-2S1,None,,,None| nan|  |  ,A09,DNA,icDNA01,,26706_10760,T7,T7,T7,,,,,,,20190820SEQ-C24-2S1-d-09,Nextera,A09,UDI_set_A;A09;A09,TAATGTGTCT,TATGCCTTAC,CTGTCTCTTATACACATCT,,added by Tagmentation, ,0,nM,Qubit,,,,,,,,,
Illumina,NextSeq,HIGH,0,20190820SEQ,20190820UTI,VALIDATION RUN 2,2 nM by Qubit,yes,no,2-channel,,,,,,,ExplifyV2,PROD,Code01,Synergy,10,C25-2S1,None,,,None| nan|  |  ,B09,DNA,icDNA01,,26706_10760,T7,T7,T7,,,,,,,20190820SEQ-C25-2S1-d-10,Nextera,B09,UDI_set_A;B09;B09,ATACCAACGC,CGCAGCAATT,CTGTCTCTTATACACATCT,,added by Tagmentation, ,0,nM,Qubit,,,,,,,,,
Illumina,NextSeq,HIGH,0,20190820SEQ,20190820UTI,VALIDATION RUN 2,2 nM by Qubit,yes,no,2-channel,,,,,,,ExplifyV2,PROD,Code01,Synergy,11,C26-2S1,None,,,None| nan|  |  ,C09,DNA,icDNA01,,26706_10760,T7,T7,T7,,,,,,,20190820SEQ-C26-2S1-d-11,Nextera,C09,UDI_set_A;C09;C09,AGGATGTGCT,GGAATTGTAA,CTGTCTCTTATACACATCT,,added by Tagmentation, ,0,nM,Qubit,,,,,,,,,
Illumina,NextSeq,HIGH,0,20190820SEQ,20190820UTI,VALIDATION RUN 2,2 nM by Qubit,yes,no,2-channel,,,,,,,ExplifyV2,PROD,Code01,Synergy,12,C27-2S1,None,,,None| nan|  |  ,D09,DNA,icDNA01,,26706_10760,T7,T7,T7,,,,,,,20190820SEQ-C27-2S1-d-12,Nextera,D09,UDI_set_A;D09;D09,CACGGAACAA,GTGCTAGGTT,CTGTCTCTTATACACATCT,,added by Tagmentation, ,0,nM,Qubit,,,,,,,,,
Illumina,NextSeq,HIGH,0,20190820SEQ,20190820UTI,VALIDATION RUN 2,2 nM by Qubit,yes,no,2-channel,,,,,,,ExplifyV2,PROD,Code01,Synergy,1,C14-2S1,None,,,None| nan|  |  ,A08,RNA,icDNA01,,26706_10760,T7,T7,T7,,,,,,,r-20190820SEQ-C14-2S1-d-01,Nextera,A08,UDI_set_A;A08;A08,TCTATCCTAA,CCAGTCGACG,CTGTCTCTTATACACATCT,,added by Tagmentation, ,0,nM,Qubit,,,,,,,,,
Illumina,NextSeq,HIGH,0,20190820SEQ,20190820UTI,VALIDATION RUN 2,2 nM by Qubit,yes,no,2-channel,,,,,,,ExplifyV2,PROD,Code01,Synergy,2,C15-2S1,None,,,None| nan|  |  ,B08,RNA,icDNA01,,26706_10760,T7,T7,T7,,,,,,,r-20190820SEQ-C15-2S1-d-02,Nextera,B08,UDI_set_A;B08;B08,CTCGCTTCGG,TTGACTAGTA,CTGTCTCTTATACACATCT,,added by Tagmentation, ,0,nM,Qubit,,,,,,,,,
Illumina,NextSeq,HIGH,0,20190820SEQ,20190820UTI,VALIDATION RUN 2,2 nM by Qubit,yes,no,2-channel,,,,,,,ExplifyV2,PROD,Code01,Synergy,3,C16-2S1,None,,,None| nan|  |  ,C08,RNA,icDNA01,,26706_10760,T7,T7,T7,,,,,,,r-20190820SEQ-C16-2S1-d-03,Nextera,C08,UDI_set_A;C08;C08,CTGTTGGTCC,AACGGTCTAT,CTGTCTCTTATACACATCT,,added by Tagmentation, ,0,nM,Qubit,,,,,,,,,
Illumina,NextSeq,HIGH,0,20190820SEQ,20190820UTI,VALIDATION RUN 2,2 nM by Qubit,yes,no,2-channel,,,,,,,ExplifyV2,PROD,Code01,Synergy,4,C17-2S1,None,,,None| nan|  |  ,D08,RNA,icDNA01,,26706_10760,T7,T7,T7,,,,,,,r-20190820SEQ-C17-2S1-d-04,Nextera,D08,UDI_set_A;D08;D08,TTACCTGGAA,CTGGAACTGT,CTGTCTCTTATACACATCT,,added by Tagmentation, ,0,nM,Qubit,,,,,,,,,
Illumina,NextSeq,HIGH,0,20190820SEQ,20190820UTI,VALIDATION RUN 2,2 nM by Qubit,yes,no,2-channel,,,,,,,ExplifyV2,PROD,Code01,Synergy,5,C18-2S1,None,,,None| nan|  |  ,E08,RNA,icDNA01,,26706_10760,T7,T7,T7,,,,,,,r-20190820SEQ-C18-2S1-d-05,Nextera,E08,UDI_set_A;E08;E08,TGGCTAATCA,CTACATGCCT,CTGTCTCTTATACACATCT,,added by Tagmentation, ,0,nM,Qubit,,,,,,,,,
Illumina,NextSeq,HIGH,0,20190820SEQ,20190820UTI,VALIDATION RUN 2,2 nM by Qubit,yes,no,2-channel,,,,,,,ExplifyV2,PROD,Code01,Synergy,6,C19-2S1,None,,,None| nan|  |  ,F08,RNA,icDNA01,,26706_10760,T7,T7,T7,,,,,,,r-20190820SEQ-C19-2S1-d-06,Nextera,F08,UDI_set_A;F08;F08,AACACTGTTA,TGAGACTTGC,CTGTCTCTTATACACATCT,,added by Tagmentation, ,0,nM,Qubit,,,,,,,,,
Illumina,NextSeq,HIGH,0,20190820SEQ,20190820UTI,VALIDATION RUN 2,2 nM by Qubit,yes,no,2-channel,,,,,,,ExplifyV2,PROD,Code01,Synergy,7,C21-2S1,None,,,None| nan|  |  ,G08,RNA,icDNA01,,26706_10760,T7,T7,T7,,,,,,,r-20190820SEQ-C21-2S1-d-07,Nextera,G08,UDI_set_A;G08;G08,ATTGCGCGGT,GCGGAGCCAA,CTGTCTCTTATACACATCT,,added by Tagmentation, ,0,nM,Qubit,,,,,,,,,
Illumina,NextSeq,HIGH,0,20190820SEQ,20190820UTI,VALIDATION RUN 2,2 nM by Qubit,yes,no,2-channel,,,,,,,ExplifyV2,PROD,Code01,Synergy,8,C22-2S1,None,,,None| nan|  |  ,H08,RNA,icDNA01,,26706_10760,T7,T7,T7,,,,,,,r-20190820SEQ-C22-2S1-d-08,Nextera,H08,UDI_set_A;H08;H08,TGGCGCGAAC,AGTATCAGTT,CTGTCTCTTATACACATCT,,added by Tagmentation, ,0,nM,Qubit,,,,,,,,,
Illumina,NextSeq,HIGH,0,20190820SEQ,20190820UTI,VALIDATION RUN 2,2 nM by Qubit,yes,no,2-channel,,,,,,,ExplifyV2,PROD,Code01,Synergy,9,C24-2S1,None,,,None| nan|  |  ,A09,RNA,icDNA01,,26706_10760,T7,T7,T7,,,,,,,r-20190820SEQ-C24-2S1-d-09,Nextera,A09,UDI_set_A;A09;A09,TAATGTGTCT,TATGCCTTAC,CTGTCTCTTATACACATCT,,added by Tagmentation, ,0,nM,Qubit,,,,,,,,,
Illumina,NextSeq,HIGH,0,20190820SEQ,20190820UTI,VALIDATION RUN 2,2 nM by Qubit,yes,no,2-channel,,,,,,,ExplifyV2,PROD,Code01,Synergy,10,C25-2S1,None,,,None| nan|  |  ,B09,RNA,icDNA01,,26706_10760,T7,T7,T7,,,,,,,r-20190820SEQ-C25-2S1-d-10,Nextera,B09,UDI_set_A;B09;B09,ATACCAACGC,CGCAGCAATT,CTGTCTCTTATACACATCT,,added by Tagmentation, ,0,nM,Qubit,,,,,,,,,
Illumina,NextSeq,HIGH,0,20190820SEQ,20190820UTI,VALIDATION RUN 2,2 nM by Qubit,yes,no,2-channel,,,,,,,ExplifyV2,PROD,Code01,Synergy,11,C26-2S1,None,,,None| nan|  |  ,C09,RNA,icDNA01,,26706_10760,T7,T7,T7,,,,,,,r-20190820SEQ-C26-2S1-d-11,Nextera,C09,UDI_set_A;C09;C09,AGGATGTGCT,GGAATTGTAA,CTGTCTCTTATACACATCT,,added by Tagmentation, ,0,nM,Qubit,,,,,,,,,
Illumina,NextSeq,HIGH,0,20190820SEQ,20190820UTI,VALIDATION RUN 2,2 nM by Qubit,yes,no,2-channel,,,,,,,ExplifyV2,PROD,Code01,Synergy,12,C27-2S1,None,,,None| nan|  |  ,D09,RNA,icDNA01,,26706_10760,T7,T7,T7,,,,,,,r-20190820SEQ-C27-2S1-d-12,Nextera,D09,UDI_set_A;D09;D09,CACGGAACAA,GTGCTAGGTT,CTGTCTCTTATACACATCT,,added by Tagmentation, ,0,nM,Qubit,,,,,,,,,
Illumina,NextSeq,MID,0,20190823SEQ,20190823UTI,Validation Run 4,2 nM by Qubit,yes,no,2-channel,,,,,,,ExplifyV2,PROD,Code01,Synergy,1,C14-S3,None,,,,A01,DNA,icDNA01,SEE PREV,26706_10760,T7,T7,T7,,,,,,,20190823SEQ-C14-S3-d-01,Nextera,A01,UDI_set_A;A01;A01,GAACTGAGCG,CGCTCCACGA,CTGTCTCTTATACACATCT,,added by Tagmentation,changed formula to use constant library volume of 2ul,30.80808081,nM,Qubit,,,,,,,,,
Illumina,NextSeq,MID,0,20190823SEQ,20190823UTI,Validation Run 4,2 nM by Qubit,yes,no,2-channel,,,,,,,ExplifyV2,PROD,Code01,Synergy,2,C16-S3,None,,,,B01,DNA,icDNA01,SEE PREV,26706_10760,T7,T7,T7,,,,,,,20190823SEQ-C16-S3-d-02,Nextera,B01,UDI_set_A;B01;B01,AGGTCAGATA,TATCTTGTAG,CTGTCTCTTATACACATCT,,added by Tagmentation,changed formula to use constant library volume of 2ul,6.868686869,nM,Qubit,,,,,,,,,
Illumina,NextSeq,MID,0,20190823SEQ,20190823UTI,Validation Run 4,2 nM by Qubit,yes,no,2-channel,,,,,,,ExplifyV2,PROD,Code01,Synergy,3,C17-S3,None,,,,C01,DNA,icDNA01,SEE PREV,26706_10760,T7,T7,T7,,,,,,,20190823SEQ-C17-S3-d-03,Nextera,C01,UDI_set_A;C01;C01,CGTCTCATAT,AGCTACTATA,CTGTCTCTTATACACATCT,,added by Tagmentation,changed formula to use constant library volume of 2ul,5.277777778,nM,Qubit,,,,,,,,,
Illumina,NextSeq,MID,0,20190823SEQ,20190823UTI,Validation Run 4,2 nM by Qubit,yes,no,2-channel,,,,,,,ExplifyV2,PROD,Code01,Synergy,4,C18-S3,None,,,,D01,DNA,icDNA01,SEE PREV,26706_10760,T7,T7,T7,,,,,,,20190823SEQ-C18-S3-d-04,Nextera,D01,UDI_set_A;D01;D01,ATTCCATAAG,CCACCAGGCA,CTGTCTCTTATACACATCT,,added by Tagmentation,changed formula to use constant library volume of 2ul,1.247474747,nM,Qubit,,,,,,,,,
Illumina,NextSeq,MID,0,20190823SEQ,20190823UTI,Validation Run 4,2 nM by Qubit,yes,no,2-channel,,,,,,,ExplifyV2,PROD,Code01,Synergy,5,C21-S3,None,,,,E01,DNA,icDNA01,SEE PREV,26706_10760,T7,T7,T7,,,,,,,20190823SEQ-C21-S3-d-05,Nextera,E01,UDI_set_A;E01;E01,GACGAGATTA,AGGATAATGT,CTGTCTCTTATACACATCT,,added by Tagmentation,changed formula to use constant library volume of 2ul,40.15151515,nM,Qubit,,,,,,,,,
Illumina,NextSeq,MID,0,20190823SEQ,20190823UTI,Validation Run 4,2 nM by Qubit,yes,no,2-channel,,,,,,,ExplifyV2,PROD,Code01,Synergy,6,C22-S3,None,,,,F01,DNA,icDNA01,SEE PREV,26706_10760,T7,T7,T7,,,,,,,20190823SEQ-C22-S3-d-06,Nextera,F01,UDI_set_A;F01;F01,AACATCGCGC,ACAAGTGGAC,CTGTCTCTTATACACATCT,,added by Tagmentation,changed formula to use constant library volume of 2ul,43.68686869,nM,Qubit,,,,,,,,,
Illumina,NextSeq,MID,0,20190823SEQ,20190823UTI,Validation Run 4,2 nM by Qubit,yes,no,2-channel,,,,,,,ExplifyV2,PROD,Code01,Synergy,7,C24-S3,None,,,,G01,DNA,icDNA01,SEE PREV,26706_10760,T7,T7,T7,,,,,,,20190823SEQ-C24-S3-d-07,Nextera,G01,UDI_set_A;G01;G01,CTAGTGCTCT,TACTGTTCCA,CTGTCTCTTATACACATCT,,added by Tagmentation,changed formula to use constant library volume of 2ul,43.18181818,nM,Qubit,,,,,,,,,
Illumina,NextSeq,MID,0,20190823SEQ,20190823UTI,Validation Run 4,2 nM by Qubit,yes,no,2-channel,,,,,,,ExplifyV2,PROD,Code01,Synergy,8,C25-S3,None,,,,H01,DNA,icDNA01,SEE PREV,26706_10760,T7,T7,T7,,,,,,,20190823SEQ-C25-S3-d-08,Nextera,H01,UDI_set_A;H01;H01,GATCAAGGCA,ATTAACAAGG,CTGTCTCTTATACACATCT,,added by Tagmentation,changed formula to use constant library volume of 2ul,17.97979798,nM,Qubit,,,,,,,,,
Illumina,NextSeq,MID,0,20190823SEQ,20190823UTI,Validation Run 4,2 nM by Qubit,yes,no,2-channel,,,,,,,ExplifyV2,PROD,Code01,Synergy,9,C26-S3,None,,,,A02,DNA,icDNA01,SEE PREV,26706_10760,T7,T7,T7,,,,,,,20190823SEQ-C26-S3-d-09,Nextera,A02,UDI_set_A;A02;A02,GACTGAGTAG,CACTATCAAC,CTGTCTCTTATACACATCT,,added by Tagmentation,changed formula to use constant library volume of 2ul,9.52020202,nM,Qubit,,,,,,,,,
Illumina,NextSeq,MID,0,20190823SEQ,20190823UTI,Validation Run 4,2 nM by Qubit,yes,no,2-channel,,,,,,,ExplifyV2,PROD,Code01,Synergy,10,C27-S3,None,,,,B02,DNA,icDNA01,SEE PREV,26706_10760,T7,T7,T7,,,,,,,20190823SEQ-C27-S3-d-10,Nextera,B02,UDI_set_A;B02;B02,AGTCAGACGA,TGTCGCTGGT,CTGTCTCTTATACACATCT,,added by Tagmentation,changed formula to use constant library volume of 2ul,18.35858586,nM,Qubit,,,,,,,,,
Illumina,NextSeq,MID,0,20190823SEQ,20190823UTI,Validation Run 4,2 nM by Qubit,yes,no,2-channel,,,,,,,ExplifyV2,PROD,Code01,Synergy,1,C14-S3,None,,,,A01,RNA,icDNA01,SEE PREV,26706_10760,T7,T7,T7,,,,,,,r-20190823SEQ-C14-S3-d-01,Nextera,A01,UDI_set_A;A01;A01,GAACTGAGCG,CGCTCCACGA,CTGTCTCTTATACACATCT,,added by Tagmentation,changed formula to use constant library volume of 2ul,30.80808081,nM,Qubit,,,,,,,,,
Illumina,NextSeq,MID,0,20190823SEQ,20190823UTI,Validation Run 4,2 nM by Qubit,yes,no,2-channel,,,,,,,ExplifyV2,PROD,Code01,Synergy,2,C16-S3,None,,,,B01,RNA,icDNA01,SEE PREV,26706_10760,T7,T7,T7,,,,,,,r-20190823SEQ-C16-S3-d-02,Nextera,B01,UDI_set_A;B01;B01,AGGTCAGATA,TATCTTGTAG,CTGTCTCTTATACACATCT,,added by Tagmentation,changed formula to use constant library volume of 2ul,6.868686869,nM,Qubit,,,,,,,,,
Illumina,NextSeq,MID,0,20190823SEQ,20190823UTI,Validation Run 4,2 nM by Qubit,yes,no,2-channel,,,,,,,ExplifyV2,PROD,Code01,Synergy,3,C17-S3,None,,,,C01,RNA,icDNA01,SEE PREV,26706_10760,T7,T7,T7,,,,,,,r-20190823SEQ-C17-S3-d-03,Nextera,C01,UDI_set_A;C01;C01,CGTCTCATAT,AGCTACTATA,CTGTCTCTTATACACATCT,,added by Tagmentation,changed formula to use constant library volume of 2ul,5.277777778,nM,Qubit,,,,,,,,,
Illumina,NextSeq,MID,0,20190823SEQ,20190823UTI,Validation Run 4,2 nM by Qubit,yes,no,2-channel,,,,,,,ExplifyV2,PROD,Code01,Synergy,4,C18-S3,None,,,,D01,RNA,icDNA01,SEE PREV,26706_10760,T7,T7,T7,,,,,,,r-20190823SEQ-C18-S3-d-04,Nextera,D01,UDI_set_A;D01;D01,ATTCCATAAG,CCACCAGGCA,CTGTCTCTTATACACATCT,,added by Tagmentation,changed formula to use constant library volume of 2ul,1.247474747,nM,Qubit,,,,,,,,,
Illumina,NextSeq,MID,0,20190823SEQ,20190823UTI,Validation Run 4,2 nM by Qubit,yes,no,2-channel,,,,,,,ExplifyV2,PROD,Code01,Synergy,5,C21-S3,None,,,,E01,RNA,icDNA01,SEE PREV,26706_10760,T7,T7,T7,,,,,,,r-20190823SEQ-C21-S3-d-05,Nextera,E01,UDI_set_A;E01;E01,GACGAGATTA,AGGATAATGT,CTGTCTCTTATACACATCT,,added by Tagmentation,changed formula to use constant library volume of 2ul,40.15151515,nM,Qubit,,,,,,,,,
Illumina,NextSeq,MID,0,20190823SEQ,20190823UTI,Validation Run 4,2 nM by Qubit,yes,no,2-channel,,,,,,,ExplifyV2,PROD,Code01,Synergy,6,C22-S3,None,,,,F01,RNA,icDNA01,SEE PREV,26706_10760,T7,T7,T7,,,,,,,r-20190823SEQ-C22-S3-d-06,Nextera,F01,UDI_set_A;F01;F01,AACATCGCGC,ACAAGTGGAC,CTGTCTCTTATACACATCT,,added by Tagmentation,changed formula to use constant library volume of 2ul,43.68686869,nM,Qubit,,,,,,,,,
Illumina,NextSeq,MID,0,20190823SEQ,20190823UTI,Validation Run 4,2 nM by Qubit,yes,no,2-channel,,,,,,,ExplifyV2,PROD,Code01,Synergy,7,C24-S3,None,,,,G01,RNA,icDNA01,SEE PREV,26706_10760,T7,T7,T7,,,,,,,r-20190823SEQ-C24-S3-d-07,Nextera,G01,UDI_set_A;G01;G01,CTAGTGCTCT,TACTGTTCCA,CTGTCTCTTATACACATCT,,added by Tagmentation,changed formula to use constant library volume of 2ul,43.18181818,nM,Qubit,,,,,,,,,
Illumina,NextSeq,MID,0,20190823SEQ,20190823UTI,Validation Run 4,2 nM by Qubit,yes,no,2-channel,,,,,,,ExplifyV2,PROD,Code01,Synergy,8,C25-S3,None,,,,H01,RNA,icDNA01,SEE PREV,26706_10760,T7,T7,T7,,,,,,,r-20190823SEQ-C25-S3-d-08,Nextera,H01,UDI_set_A;H01;H01,GATCAAGGCA,ATTAACAAGG,CTGTCTCTTATACACATCT,,added by Tagmentation,changed formula to use constant library volume of 2ul,17.97979798,nM,Qubit,,,,,,,,,
Illumina,NextSeq,MID,0,20190823SEQ,20190823UTI,Validation Run 4,2 nM by Qubit,yes,no,2-channel,,,,,,,ExplifyV2,PROD,Code01,Synergy,9,C26-S3,None,,,,A02,RNA,icDNA01,SEE PREV,26706_10760,T7,T7,T7,,,,,,,r-20190823SEQ-C26-S3-d-09,Nextera,A02,UDI_set_A;A02;A02,GACTGAGTAG,CACTATCAAC,CTGTCTCTTATACACATCT,,added by Tagmentation,changed formula to use constant library volume of 2ul,9.52020202,nM,Qubit,,,,,,,,,
Illumina,NextSeq,MID,0,20190823SEQ,20190823UTI,Validation Run 4,2 nM by Qubit,yes,no,2-channel,,,,,,,ExplifyV2,PROD,Code01,Synergy,10,C27-S3,None,,,,B02,RNA,icDNA01,SEE PREV,26706_10760,T7,T7,T7,,,,,,,r-20190823SEQ-C27-S3-d-10,Nextera,B02,UDI_set_A;B02;B02,AGTCAGACGA,TGTCGCTGGT,CTGTCTCTTATACACATCT,,added by Tagmentation,changed formula to use constant library volume of 2ul,18.35858586,nM,Qubit,,,,,,,,,
Illumina,NextSeq,HIGH,0,20190816-T7V1,20190813B,VALIDATION RUN 1,2 nM by Qubit|  ,yes,no,2-channel,,,,,,,ExplifyV2,PROD,Code01,Synergy,1,C14-1S1,None,,,None| nan|  |  ,A04,DNA,icDNA01,,26706_10760,T7,T7,T7,,,,,,,20190816-T7V1-C14-1S1-d-01,Nextera,A04,UDI_set_A;A04;A04,AACCATAGAA,CCATCTCGCC,CTGTCTCTTATACACATCT,,added by Tagmentation, ,18.00505051,nM,Qubit,,,,,,,,,
Illumina,NextSeq,HIGH,0,20190816-T7V1,20190813B,VALIDATION RUN 1,2 nM by Qubit|  ,yes,no,2-channel,,,,,,,ExplifyV2,PROD,Code01,Synergy,2,C15-1S1,None,,,None| nan|  |  ,B04,DNA,icDNA01,,26706_10760,T7,T7,T7,,,,,,,20190816-T7V1-C15-1S1-d-02,Nextera,B04,UDI_set_A;B04;B04,GGTTGCGAGG,TTGCTCTATT,CTGTCTCTTATACACATCT,,added by Tagmentation, ,9.646464646,nM,Qubit,,,,,,,,,
Illumina,NextSeq,HIGH,0,20190816-T7V1,20190813B,VALIDATION RUN 1,2 nM by Qubit|  ,yes,no,2-channel,,,,,,,ExplifyV2,PROD,Code01,Synergy,3,C16-1S1,None,,,None| nan|  |  ,C04,DNA,icDNA01,,26706_10760,T7,T7,T7,,,,,,,20190816-T7V1-C16-1S1-d-03,Nextera,C04,UDI_set_A;C04;C04,TAAGCATCCA,AATGGATTGA,CTGTCTCTTATACACATCT,,added by Tagmentation, ,10.90909091,nM,Qubit,,,,,,,,,
Illumina,NextSeq,HIGH,0,20190816-T7V1,20190813B,VALIDATION RUN 1,2 nM by Qubit|  ,yes,no,2-channel,,,,,,,ExplifyV2,PROD,Code01,Synergy,4,C17-1S1,None,,,None| nan|  |  ,D04,DNA,icDNA01,,26706_10760,T7,T7,T7,,,,,,,20190816-T7V1-C17-1S1-d-04,Nextera,D04,UDI_set_A;D04;D04,ACCACGACAT,CCGCATACGA,CTGTCTCTTATACACATCT,,added by Tagmentation, ,17.17171717,nM,Qubit,,,,,,,,,
Illumina,NextSeq,HIGH,0,20190816-T7V1,20190813B,VALIDATION RUN 1,2 nM by Qubit|  ,yes,no,2-channel,,,,,,,ExplifyV2,PROD,Code01,Synergy,5,C18-1S1,None,,,None| nan|  |  ,E04,DNA,icDNA01,,26706_10760,T7,T7,T7,,,,,,,20190816-T7V1-C18-1S1-d-05,Nextera,E04,UDI_set_A;E04;E04,GCCGCACTCT,CGAGGTCGGA,CTGTCTCTTATACACATCT,,added by Tagmentation, ,33.08080808,nM,Qubit,,,,,,,,,
Illumina,NextSeq,HIGH,0,20190816-T7V1,20190813B,VALIDATION RUN 1,2 nM by Qubit|  ,yes,no,2-channel,,,,,,,ExplifyV2,PROD,Code01,Synergy,6,C19-1S1,None,,,None| nan|  |  ,F04,DNA,icDNA01,,26706_10760,T7,T7,T7,,,,,,,20190816-T7V1-C19-1S1-d-06,Nextera,F04,UDI_set_A;F04;F04,CCACCAGGCA,ATTCCATAAG,CTGTCTCTTATACACATCT,,added by Tagmentation, ,25.15151515,nM,Qubit,,,,,,,,,
Illumina,NextSeq,HIGH,0,20190816-T7V1,20190813B,VALIDATION RUN 1,2 nM by Qubit|  ,yes,no,2-channel,,,,,,,ExplifyV2,PROD,Code01,Synergy,7,C21-1S1,None,,,None| nan|  |  ,G04,DNA,icDNA01,,26706_10760,T7,T7,T7,,,,,,,20190816-T7V1-C21-1S1-d-07,Nextera,G04,UDI_set_A;G04;G04,GTGACACGCA,GTCCGTAAGC,CTGTCTCTTATACACATCT,,added by Tagmentation, ,34.34343434,nM,Qubit,,,,,,,,,
Illumina,NextSeq,HIGH,0,20190816-T7V1,20190813B,VALIDATION RUN 1,2 nM by Qubit|  ,yes,no,2-channel,,,,,,,ExplifyV2,PROD,Code01,Synergy,8,C22-1S1,None,,,None| nan|  |  ,H04,DNA,icDNA01,,26706_10760,T7,T7,T7,,,,,,,20190816-T7V1-C22-1S1-d-08,Nextera,H04,UDI_set_A;H04;H04,ACAGTGTATG,CCGTATGTTC,CTGTCTCTTATACACATCT,,added by Tagmentation, ,29.54545455,nM,Qubit,,,,,,,,,
Illumina,NextSeq,HIGH,0,20190816-T7V1,20190813B,VALIDATION RUN 1,2 nM by Qubit|  ,yes,no,2-channel,,,,,,,ExplifyV2,PROD,Code01,Synergy,9,C24-1S1,None,,,None| nan|  |  ,A05,DNA,icDNA01,,26706_10760,T7,T7,T7,,,,,,,20190816-T7V1-C24-1S1-d-09,Nextera,A05,UDI_set_A;A05;A05,TGATTATACG,TGTAATCGAC,CTGTCTCTTATACACATCT,,added by Tagmentation, ,20.88383838,nM,Qubit,,,,,,,,,
Illumina,NextSeq,HIGH,0,20190816-T7V1,20190813B,VALIDATION RUN 1,2 nM by Qubit|  ,yes,no,2-channel,,,,,,,ExplifyV2,PROD,Code01,Synergy,10,C25-1S1,None,,,None| nan|  |  ,B05,DNA,icDNA01,,26706_10760,T7,T7,T7,,,,,,,20190816-T7V1-C25-1S1-d-10,Nextera,B05,UDI_set_A;B05;B05,CAGCCGCGTA,CACGGCTAGT,CTGTCTCTTATACACATCT,,added by Tagmentation, ,18.78787879,nM,Qubit,,,,,,,,,
Illumina,NextSeq,HIGH,0,20190816-T7V1,20190813B,VALIDATION RUN 1,2 nM by Qubit|  ,yes,no,2-channel,,,,,,,ExplifyV2,PROD,Code01,Synergy,11,C26-1S1,None,,,None| nan|  |  ,C05,DNA,icDNA01,,26706_10760,T7,T7,T7,,,,,,,20190816-T7V1-C26-1S1-d-11,Nextera,C05,UDI_set_A;C05;C05,GGTAACTCGC,TCACCAACTT,CTGTCTCTTATACACATCT,,added by Tagmentation, ,48.98989899,nM,Qubit,,,,,,,,,
Illumina,NextSeq,HIGH,0,20190816-T7V1,20190813B,VALIDATION RUN 1,2 nM by Qubit|  ,yes,no,2-channel,,,,,,,ExplifyV2,PROD,Code01,Synergy,12,C27-1S1,None,,,None| nan|  |  ,D05,DNA,icDNA01,,26706_10760,T7,T7,T7,,,,,,,20190816-T7V1-C27-1S1-d-12,Nextera,D05,UDI_set_A;D05;D05,ACCGGCCGTA,AATATTGCCA,CTGTCTCTTATACACATCT,,added by Tagmentation, ,37.12121212,nM,Qubit,,,,,,,,,
Illumina,NextSeq,HIGH,0,20190816-T7V1,20190813B,VALIDATION RUN 1,2 nM by Qubit|  ,yes,no,2-channel,,,,,,,ExplifyV2,PROD,Code01,Synergy,13,C14-2,None,,,None| nan|  |  ,E05,DNA,icDNA01,,26706_10760,T7,T7,T7,,,,,,,20190816-T7V1-C14-2-d-13,Nextera,E05,UDI_set_A;E05;E05,TGTAATCGAC,CGCGGTGATC,CTGTCTCTTATACACATCT,,added by Tagmentation, ,22.22222222,nM,Qubit,,,,,,,,,
Illumina,NextSeq,HIGH,0,20190816-T7V1,20190813B,VALIDATION RUN 1,2 nM by Qubit|  ,yes,no,2-channel,,,,,,,ExplifyV2,PROD,Code01,Synergy,14,C15-2,None,,,None| nan|  |  ,F05,DNA,icDNA01,,26706_10760,T7,T7,T7,,,,,,,20190816-T7V1-C15-2-d-14,Nextera,F05,UDI_set_A;F05;F05,GTGCAGACAG,ACGGATGGTA,CTGTCTCTTATACACATCT,,added by Tagmentation, ,13.68686869,nM,Qubit,,,,,,,,,
Illumina,NextSeq,HIGH,0,20190816-T7V1,20190813B,VALIDATION RUN 1,2 nM by Qubit|  ,yes,no,2-channel,,,,,,,ExplifyV2,PROD,Code01,Synergy,15,C16-2,None,,,None| nan|  |  ,G05,DNA,icDNA01,,26706_10760,T7,T7,T7,,,,,,,20190816-T7V1-C16-2-d-15,Nextera,G05,UDI_set_A;G05;G05,CAATCGGCTG,TTCCTACAGC,CTGTCTCTTATACACATCT,,added by Tagmentation, ,6.136363636,nM,Qubit,,,,,,,,,
Illumina,NextSeq,HIGH,0,20190816-T7V1,20190813B,VALIDATION RUN 1,2 nM by Qubit|  ,yes,no,2-channel,,,,,,,ExplifyV2,PROD,Code01,Synergy,16,C17-2,None,,,None| nan|  |  ,H05,DNA,icDNA01,,26706_10760,T7,T7,T7,,,,,,,20190816-T7V1-C17-2-d-16,Nextera,H05,UDI_set_A;H05;H05,TATGTAGTCA,CATTAGTGCG,CTGTCTCTTATACACATCT,,added by Tagmentation, ,20.47979798,nM,Qubit,,,,,,,,,
Illumina,NextSeq,HIGH,0,20190816-T7V1,20190813B,VALIDATION RUN 1,2 nM by Qubit|  ,yes,no,2-channel,,,,,,,ExplifyV2,PROD,Code01,Synergy,17,C18-2,None,,,None| nan|  |  ,A06,DNA,icDNA01,,26706_10760,T7,T7,T7,,,,,,,20190816-T7V1-C18-2-d-17,Nextera,A06,UDI_set_A;A06;A06,ACTCGGCAAT,TTCAGTTGTC,CTGTCTCTTATACACATCT,,added by Tagmentation, ,33.83838384,nM,Qubit,,,,,,,,,
Illumina,NextSeq,HIGH,0,20190816-T7V1,20190813B,VALIDATION RUN 1,2 nM by Qubit|  ,yes,no,2-channel,,,,,,,ExplifyV2,PROD,Code01,Synergy,18,C19-2,None,,,None| nan|  |  ,B06,DNA,icDNA01,,26706_10760,T7,T7,T7,,,,,,,20190816-T7V1-C19-2-d-18,Nextera,B06,UDI_set_A;B06;B06,GTCTAATGGC,CCTGACCACT,CTGTCTCTTATACACATCT,,added by Tagmentation, ,25.02525253,nM,Qubit,,,,,,,,,
Illumina,NextSeq,HIGH,0,20190816-T7V1,20190813B,VALIDATION RUN 1,2 nM by Qubit|  ,yes,no,2-channel,,,,,,,ExplifyV2,PROD,Code01,Synergy,19,C21-2,None,,,None| nan|  |  ,C06,DNA,icDNA01,,26706_10760,T7,T7,T7,,,,,,,20190816-T7V1-C21-2-d-19,Nextera,C06,UDI_set_A;C06;C06,CCATCTCGCC,AACCATAGAA,CTGTCTCTTATACACATCT,,added by Tagmentation, ,34.34343434,nM,Qubit,,,,,,,,,
Illumina,NextSeq,HIGH,0,20190816-T7V1,20190813B,VALIDATION RUN 1,2 nM by Qubit|  ,yes,no,2-channel,,,,,,,ExplifyV2,PROD,Code01,Synergy,20,C22-2,None,,,None| nan|  |  ,D06,DNA,icDNA01,,26706_10760,T7,T7,T7,,,,,,,20190816-T7V1-C22-2-d-20,Nextera,D06,UDI_set_A;D06;D06,CTGCGAGCCA,TGGCCGGATT,CTGTCTCTTATACACATCT,,added by Tagmentation, ,29.04040404,nM,Qubit,,,,,,,,,
Illumina,NextSeq,HIGH,0,20190816-T7V1,20190813B,VALIDATION RUN 1,2 nM by Qubit|  ,yes,no,2-channel,,,,,,,ExplifyV2,PROD,Code01,Synergy,21,C24-2,None,,,None| nan|  |  ,E06,DNA,icDNA01,,26706_10760,T7,T7,T7,,,,,,,20190816-T7V1-C24-2-d-21,Nextera,E06,UDI_set_A;E06;E06,CGTTATTCTA,AACCTTATGG,CTGTCTCTTATACACATCT,,added by Tagmentation, ,20.12626263,nM,Qubit,,,,,,,,,
Illumina,NextSeq,HIGH,0,20190816-T7V1,20190813B,VALIDATION RUN 1,2 nM by Qubit|  ,yes,no,2-channel,,,,,,,ExplifyV2,PROD,Code01,Synergy,22,C25-2,None,,,None| nan|  |  ,F06,DNA,icDNA01,,26706_10760,T7,T7,T7,,,,,,,20190816-T7V1-C25-2-d-22,Nextera,F06,UDI_set_A;F06;F06,AGATCCATTA,TGGTAGAGAT,CTGTCTCTTATACACATCT,,added by Tagmentation, ,21.48989899,nM,Qubit,,,,,,,,,
Illumina,NextSeq,HIGH,0,20190816-T7V1,20190813B,VALIDATION RUN 1,2 nM by Qubit|  ,yes,no,2-channel,,,,,,,ExplifyV2,PROD,Code01,Synergy,23,C26-2,None,,,None| nan|  |  ,G06,DNA,icDNA01,,26706_10760,T7,T7,T7,,,,,,,20190816-T7V1-C26-2-d-23,Nextera,G06,UDI_set_A;G06;G06,GTCCTGGATA,TTCGCCACCG,CTGTCTCTTATACACATCT,,added by Tagmentation, ,49.49494949,nM,Qubit,,,,,,,,,
Illumina,NextSeq,HIGH,0,20190816-T7V1,20190813B,VALIDATION RUN 1,2 nM by Qubit|  ,yes,no,2-channel,,,,,,,ExplifyV2,PROD,Code01,Synergy,24,C27-2,None,,,None| nan|  |  ,H06,DNA,icDNA01,,26706_10760,T7,T7,T7,,,,,,,20190816-T7V1-C27-2-d-24,Nextera,H06,UDI_set_A;H06;H06,CAGTGGCACT,CCTATTGTTA,CTGTCTCTTATACACATCT,,added by Tagmentation, ,43.43434343,nM,Qubit,,,,,,,,,
Illumina,NextSeq,HIGH,0,20190816-T7V1,20190813B,VALIDATION RUN 1,2 nM by Qubit|  ,yes,no,2-channel,,,,,,,ExplifyV2,PROD,Code01,Synergy,25,C14-3,None,,,None| nan|  |  ,A07,DNA,icDNA01,,26706_10760,T7,T7,T7,,,,,,,20190816-T7V1-C14-3-d-25,Nextera,A07,UDI_set_A;A07;A07,AGTGTTGCAC,CGTGTACCAG,CTGTCTCTTATACACATCT,,added by Tagmentation, ,14.74747475,nM,Qubit,,,,,,,,,
Illumina,NextSeq,HIGH,0,20190816-T7V1,20190813B,VALIDATION RUN 1,2 nM by Qubit|  ,yes,no,2-channel,,,,,,,ExplifyV2,PROD,Code01,Synergy,26,C15-3,None,,,None| nan|  |  ,B07,DNA,icDNA01,,26706_10760,T7,T7,T7,,,,,,,20190816-T7V1-C15-3-d-26,Nextera,B07,UDI_set_A;B07;B07,GACACCATGT,TACACGTTGA,CTGTCTCTTATACACATCT,,added by Tagmentation, ,14.82323232,nM,Qubit,,,,,,,,,
Illumina,NextSeq,HIGH,0,20190816-T7V1,20190813B,VALIDATION RUN 1,2 nM by Qubit|  ,yes,no,2-channel,,,,,,,ExplifyV2,PROD,Code01,Synergy,27,C16-3,None,,,None| nan|  |  ,C07,DNA,icDNA01,,26706_10760,T7,T7,T7,,,,,,,20190816-T7V1-C16-3-d-27,Nextera,C07,UDI_set_A;C07;C07,CCTGTCTGTC,TCACAACAGT,CTGTCTCTTATACACATCT,,added by Tagmentation, ,8.813131313,nM,Qubit,,,,,,,,,
Illumina,NextSeq,HIGH,0,20190816-T7V1,20190813B,VALIDATION RUN 1,2 nM by Qubit|  ,yes,no,2-channel,,,,,,,ExplifyV2,PROD,Code01,Synergy,28,C17-3,None,,,None| nan|  |  ,D07,DNA,icDNA01,,26706_10760,T7,T7,T7,,,,,,,20190816-T7V1-C17-3-d-28,Nextera,D07,UDI_set_A;D07;D07,TGATGTAAGA,AAGGACGCAC,CTGTCTCTTATACACATCT,,added by Tagmentation, ,16.96969697,nM,Qubit,,,,,,,,,
Illumina,NextSeq,HIGH,0,20190816-T7V1,20190813B,VALIDATION RUN 1,2 nM by Qubit|  ,yes,no,2-channel,,,,,,,ExplifyV2,PROD,Code01,Synergy,29,C18-3,None,,,None| nan|  |  ,E07,DNA,icDNA01,,26706_10760,T7,T7,T7,,,,,,,20190816-T7V1-C18-3-d-29,Nextera,E07,UDI_set_A;E07;E07,GGAATTGTAA,AGGATGTGCT,CTGTCTCTTATACACATCT,,added by Tagmentation, ,40.65656566,nM,Qubit,,,,,,,,,
Illumina,NextSeq,HIGH,0,20190816-T7V1,20190813B,VALIDATION RUN 1,2 nM by Qubit|  ,yes,no,2-channel,,,,,,,ExplifyV2,PROD,Code01,Synergy,30,C19-3,None,,,None| nan|  |  ,F07,DNA,icDNA01,,26706_10760,T7,T7,T7,,,,,,,20190816-T7V1-C19-3-d-30,Nextera,F07,UDI_set_A;F07;F07,GCATAAGCTT,TGCGACGGAA,CTGTCTCTTATACACATCT,,added by Tagmentation, ,23.58585859,nM,Qubit,,,,,,,,,
Illumina,NextSeq,HIGH,0,20190816-T7V1,20190813B,VALIDATION RUN 1,2 nM by Qubit|  ,yes,no,2-channel,,,,,,,ExplifyV2,PROD,Code01,Synergy,31,C21-3,None,,,None| nan|  |  ,G07,DNA,icDNA01,,26706_10760,T7,T7,T7,,,,,,,20190816-T7V1-C21-3-d-31,Nextera,G07,UDI_set_A;G07;G07,CTGAGGAATA,AGTGGTTAAG,CTGTCTCTTATACACATCT,,added by Tagmentation, ,33.83838384,nM,Qubit,,,,,,,,,
Illumina,NextSeq,HIGH,0,20190816-T7V1,20190813B,VALIDATION RUN 1,2 nM by Qubit|  ,yes,no,2-channel,,,,,,,ExplifyV2,PROD,Code01,Synergy,32,C22-3,None,,,None| nan|  |  ,H07,DNA,icDNA01,,26706_10760,T7,T7,T7,,,,,,,20190816-T7V1-C22-3-d-32,Nextera,H07,UDI_set_A;H07;H07,AACGCACGAG,TATCCGAGGC,CTGTCTCTTATACACATCT,,added by Tagmentation, ,27.27272727,nM,Qubit,,,,,,,,,
Illumina,NextSeq,HIGH,0,20190816-T7V1,20190813B,VALIDATION RUN 1,2 nM by Qubit|  ,yes,no,2-channel,,,,,,,ExplifyV2,PROD,Code01,Synergy,33,C24-3,None,,,None| nan|  |  ,C03,DNA,icDNA01,,26706_10760,T7,T7,T7,,,,,,,20190816-T7V1-C24-3-d-33,Nextera,C03,UDI_set_A;C03;C03,CCATCATTAG,AGAGGCAACC,CTGTCTCTTATACACATCT,,added by Tagmentation, ,17.55050505,nM,Qubit,,,,,,,,,
Illumina,NextSeq,HIGH,0,20190816-T7V1,20190813B,VALIDATION RUN 1,2 nM by Qubit|  ,yes,no,2-channel,,,,,,,ExplifyV2,PROD,Code01,Synergy,34,C25-3,None,,,None| nan|  |  ,D03,DNA,icDNA01,,26706_10760,T7,T7,T7,,,,,,,20190816-T7V1-C25-3-d-34,Nextera,D03,UDI_set_A;D03;D03,GATAGGCCGA,GCCATGTGCG,CTGTCTCTTATACACATCT,,added by Tagmentation, ,18.38383838,nM,Qubit,,,,,,,,,
Illumina,NextSeq,HIGH,0,20190816-T7V1,20190813B,VALIDATION RUN 1,2 nM by Qubit|  ,yes,no,2-channel,,,,,,,ExplifyV2,PROD,Code01,Synergy,35,C26-3,None,,,None| nan|  |  ,E03,DNA,icDNA01,,26706_10760,T7,T7,T7,,,,,,,20190816-T7V1-C26-3-d-35,Nextera,E03,UDI_set_A;E03;E03,ATGGTTGACT,AGGACAGGCC,CTGTCTCTTATACACATCT,,added by Tagmentation, ,39.39393939,nM,Qubit,,,,,,,,,
Illumina,NextSeq,HIGH,0,20190816-T7V1,20190813B,VALIDATION RUN 1,2 nM by Qubit|  ,yes,no,2-channel,,,,,,,ExplifyV2,PROD,Code01,Synergy,36,C27-3,None,,,None| nan|  |  ,F03,DNA,icDNA01,,26706_10760,T7,T7,T7,,,,,,,20190816-T7V1-C27-3-d-36,Nextera,F03,UDI_set_A;F03;F03,TATTGCGCTC,CCTAACACAG,CTGTCTCTTATACACATCT,,added by Tagmentation, ,29.54545455,nM,Qubit,,,,,,,,,
Illumina,NextSeq,HIGH,0,20190816-T7V1,20190813B,VALIDATION RUN 1,2 nM by Qubit|  ,yes,no,2-channel,,,,,,,ExplifyV2,PROD,Code01,Synergy,1,C14-1S1,None,,,None| nan|  |  ,A04,RNA,icDNA01,,26706_10760,T7,T7,T7,,,,,,,r-20190816-T7V1-C14-1S1-d-01,Nextera,A04,UDI_set_A;A04;A04,AACCATAGAA,CCATCTCGCC,CTGTCTCTTATACACATCT,,added by Tagmentation, ,18.00505051,nM,Qubit,,,,,,,,,
Illumina,NextSeq,HIGH,0,20190816-T7V1,20190813B,VALIDATION RUN 1,2 nM by Qubit|  ,yes,no,2-channel,,,,,,,ExplifyV2,PROD,Code01,Synergy,2,C15-1S1,None,,,None| nan|  |  ,B04,RNA,icDNA01,,26706_10760,T7,T7,T7,,,,,,,r-20190816-T7V1-C15-1S1-d-02,Nextera,B04,UDI_set_A;B04;B04,GGTTGCGAGG,TTGCTCTATT,CTGTCTCTTATACACATCT,,added by Tagmentation, ,9.646464646,nM,Qubit,,,,,,,,,
Illumina,NextSeq,HIGH,0,20190816-T7V1,20190813B,VALIDATION RUN 1,2 nM by Qubit|  ,yes,no,2-channel,,,,,,,ExplifyV2,PROD,Code01,Synergy,3,C16-1S1,None,,,None| nan|  |  ,C04,RNA,icDNA01,,26706_10760,T7,T7,T7,,,,,,,r-20190816-T7V1-C16-1S1-d-03,Nextera,C04,UDI_set_A;C04;C04,TAAGCATCCA,AATGGATTGA,CTGTCTCTTATACACATCT,,added by Tagmentation, ,10.90909091,nM,Qubit,,,,,,,,,
Illumina,NextSeq,HIGH,0,20190816-T7V1,20190813B,VALIDATION RUN 1,2 nM by Qubit|  ,yes,no,2-channel,,,,,,,ExplifyV2,PROD,Code01,Synergy,4,C17-1S1,None,,,None| nan|  |  ,D04,RNA,icDNA01,,26706_10760,T7,T7,T7,,,,,,,r-20190816-T7V1-C17-1S1-d-04,Nextera,D04,UDI_set_A;D04;D04,ACCACGACAT,CCGCATACGA,CTGTCTCTTATACACATCT,,added by Tagmentation, ,17.17171717,nM,Qubit,,,,,,,,,
Illumina,NextSeq,HIGH,0,20190816-T7V1,20190813B,VALIDATION RUN 1,2 nM by Qubit|  ,yes,no,2-channel,,,,,,,ExplifyV2,PROD,Code01,Synergy,5,C18-1S1,None,,,None| nan|  |  ,E04,RNA,icDNA01,,26706_10760,T7,T7,T7,,,,,,,r-20190816-T7V1-C18-1S1-d-05,Nextera,E04,UDI_set_A;E04;E04,GCCGCACTCT,CGAGGTCGGA,CTGTCTCTTATACACATCT,,added by Tagmentation, ,33.08080808,nM,Qubit,,,,,,,,,
Illumina,NextSeq,HIGH,0,20190816-T7V1,20190813B,VALIDATION RUN 1,2 nM by Qubit|  ,yes,no,2-channel,,,,,,,ExplifyV2,PROD,Code01,Synergy,6,C19-1S1,None,,,None| nan|  |  ,F04,RNA,icDNA01,,26706_10760,T7,T7,T7,,,,,,,r-20190816-T7V1-C19-1S1-d-06,Nextera,F04,UDI_set_A;F04;F04,CCACCAGGCA,ATTCCATAAG,CTGTCTCTTATACACATCT,,added by Tagmentation, ,25.15151515,nM,Qubit,,,,,,,,,
Illumina,NextSeq,HIGH,0,20190816-T7V1,20190813B,VALIDATION RUN 1,2 nM by Qubit|  ,yes,no,2-channel,,,,,,,ExplifyV2,PROD,Code01,Synergy,7,C21-1S1,None,,,None| nan|  |  ,G04,RNA,icDNA01,,26706_10760,T7,T7,T7,,,,,,,r-20190816-T7V1-C21-1S1-d-07,Nextera,G04,UDI_set_A;G04;G04,GTGACACGCA,GTCCGTAAGC,CTGTCTCTTATACACATCT,,added by Tagmentation, ,34.34343434,nM,Qubit,,,,,,,,,
Illumina,NextSeq,HIGH,0,20190816-T7V1,20190813B,VALIDATION RUN 1,2 nM by Qubit|  ,yes,no,2-channel,,,,,,,ExplifyV2,PROD,Code01,Synergy,8,C22-1S1,None,,,None| nan|  |  ,H04,RNA,icDNA01,,26706_10760,T7,T7,T7,,,,,,,r-20190816-T7V1-C22-1S1-d-08,Nextera,H04,UDI_set_A;H04;H04,ACAGTGTATG,CCGTATGTTC,CTGTCTCTTATACACATCT,,added by Tagmentation, ,29.54545455,nM,Qubit,,,,,,,,,
Illumina,NextSeq,HIGH,0,20190816-T7V1,20190813B,VALIDATION RUN 1,2 nM by Qubit|  ,yes,no,2-channel,,,,,,,ExplifyV2,PROD,Code01,Synergy,9,C24-1S1,None,,,None| nan|  |  ,A05,RNA,icDNA01,,26706_10760,T7,T7,T7,,,,,,,r-20190816-T7V1-C24-1S1-d-09,Nextera,A05,UDI_set_A;A05;A05,TGATTATACG,TGTAATCGAC,CTGTCTCTTATACACATCT,,added by Tagmentation, ,20.88383838,nM,Qubit,,,,,,,,,
Illumina,NextSeq,HIGH,0,20190816-T7V1,20190813B,VALIDATION RUN 1,2 nM by Qubit|  ,yes,no,2-channel,,,,,,,ExplifyV2,PROD,Code01,Synergy,10,C25-1S1,None,,,None| nan|  |  ,B05,RNA,icDNA01,,26706_10760,T7,T7,T7,,,,,,,r-20190816-T7V1-C25-1S1-d-10,Nextera,B05,UDI_set_A;B05;B05,CAGCCGCGTA,CACGGCTAGT,CTGTCTCTTATACACATCT,,added by Tagmentation, ,18.78787879,nM,Qubit,,,,,,,,,
Illumina,NextSeq,HIGH,0,20190816-T7V1,20190813B,VALIDATION RUN 1,2 nM by Qubit|  ,yes,no,2-channel,,,,,,,ExplifyV2,PROD,Code01,Synergy,11,C26-1S1,None,,,None| nan|  |  ,C05,RNA,icDNA01,,26706_10760,T7,T7,T7,,,,,,,r-20190816-T7V1-C26-1S1-d-11,Nextera,C05,UDI_set_A;C05;C05,GGTAACTCGC,TCACCAACTT,CTGTCTCTTATACACATCT,,added by Tagmentation, ,48.98989899,nM,Qubit,,,,,,,,,
Illumina,NextSeq,HIGH,0,20190816-T7V1,20190813B,VALIDATION RUN 1,2 nM by Qubit|  ,yes,no,2-channel,,,,,,,ExplifyV2,PROD,Code01,Synergy,12,C27-1S1,None,,,None| nan|  |  ,D05,RNA,icDNA01,,26706_10760,T7,T7,T7,,,,,,,r-20190816-T7V1-C27-1S1-d-12,Nextera,D05,UDI_set_A;D05;D05,ACCGGCCGTA,AATATTGCCA,CTGTCTCTTATACACATCT,,added by Tagmentation, ,37.12121212,nM,Qubit,,,,,,,,,
Illumina,NextSeq,HIGH,0,20190816-T7V1,20190813B,VALIDATION RUN 1,2 nM by Qubit|  ,yes,no,2-channel,,,,,,,ExplifyV2,PROD,Code01,Synergy,13,C14-2,None,,,None| nan|  |  ,E05,RNA,icDNA01,,26706_10760,T7,T7,T7,,,,,,,r-20190816-T7V1-C14-2-d-13,Nextera,E05,UDI_set_A;E05;E05,TGTAATCGAC,CGCGGTGATC,CTGTCTCTTATACACATCT,,added by Tagmentation, ,22.22222222,nM,Qubit,,,,,,,,,
Illumina,NextSeq,HIGH,0,20190816-T7V1,20190813B,VALIDATION RUN 1,2 nM by Qubit|  ,yes,no,2-channel,,,,,,,ExplifyV2,PROD,Code01,Synergy,14,C15-2,None,,,None| nan|  |  ,F05,RNA,icDNA01,,26706_10760,T7,T7,T7,,,,,,,r-20190816-T7V1-C15-2-d-14,Nextera,F05,UDI_set_A;F05;F05,GTGCAGACAG,ACGGATGGTA,CTGTCTCTTATACACATCT,,added by Tagmentation, ,13.68686869,nM,Qubit,,,,,,,,,
Illumina,NextSeq,HIGH,0,20190816-T7V1,20190813B,VALIDATION RUN 1,2 nM by Qubit|  ,yes,no,2-channel,,,,,,,ExplifyV2,PROD,Code01,Synergy,15,C16-2,None,,,None| nan|  |  ,G05,RNA,icDNA01,,26706_10760,T7,T7,T7,,,,,,,r-20190816-T7V1-C16-2-d-15,Nextera,G05,UDI_set_A;G05;G05,CAATCGGCTG,TTCCTACAGC,CTGTCTCTTATACACATCT,,added by Tagmentation, ,6.136363636,nM,Qubit,,,,,,,,,
Illumina,NextSeq,HIGH,0,20190816-T7V1,20190813B,VALIDATION RUN 1,2 nM by Qubit|  ,yes,no,2-channel,,,,,,,ExplifyV2,PROD,Code01,Synergy,16,C17-2,None,,,None| nan|  |  ,H05,RNA,icDNA01,,26706_10760,T7,T7,T7,,,,,,,r-20190816-T7V1-C17-2-d-16,Nextera,H05,UDI_set_A;H05;H05,TATGTAGTCA,CATTAGTGCG,CTGTCTCTTATACACATCT,,added by Tagmentation, ,20.47979798,nM,Qubit,,,,,,,,,
Illumina,NextSeq,HIGH,0,20190816-T7V1,20190813B,VALIDATION RUN 1,2 nM by Qubit|  ,yes,no,2-channel,,,,,,,ExplifyV2,PROD,Code01,Synergy,17,C18-2,None,,,None| nan|  |  ,A06,RNA,icDNA01,,26706_10760,T7,T7,T7,,,,,,,r-20190816-T7V1-C18-2-d-17,Nextera,A06,UDI_set_A;A06;A06,ACTCGGCAAT,TTCAGTTGTC,CTGTCTCTTATACACATCT,,added by Tagmentation, ,33.83838384,nM,Qubit,,,,,,,,,
Illumina,NextSeq,HIGH,0,20190816-T7V1,20190813B,VALIDATION RUN 1,2 nM by Qubit|  ,yes,no,2-channel,,,,,,,ExplifyV2,PROD,Code01,Synergy,18,C19-2,None,,,None| nan|  |  ,B06,RNA,icDNA01,,26706_10760,T7,T7,T7,,,,,,,r-20190816-T7V1-C19-2-d-18,Nextera,B06,UDI_set_A;B06;B06,GTCTAATGGC,CCTGACCACT,CTGTCTCTTATACACATCT,,added by Tagmentation, ,25.02525253,nM,Qubit,,,,,,,,,
Illumina,NextSeq,HIGH,0,20190816-T7V1,20190813B,VALIDATION RUN 1,2 nM by Qubit|  ,yes,no,2-channel,,,,,,,ExplifyV2,PROD,Code01,Synergy,19,C21-2,None,,,None| nan|  |  ,C06,RNA,icDNA01,,26706_10760,T7,T7,T7,,,,,,,r-20190816-T7V1-C21-2-d-19,Nextera,C06,UDI_set_A;C06;C06,CCATCTCGCC,AACCATAGAA,CTGTCTCTTATACACATCT,,added by Tagmentation, ,34.34343434,nM,Qubit,,,,,,,,,
Illumina,NextSeq,HIGH,0,20190816-T7V1,20190813B,VALIDATION RUN 1,2 nM by Qubit|  ,yes,no,2-channel,,,,,,,ExplifyV2,PROD,Code01,Synergy,20,C22-2,None,,,None| nan|  |  ,D06,RNA,icDNA01,,26706_10760,T7,T7,T7,,,,,,,r-20190816-T7V1-C22-2-d-20,Nextera,D06,UDI_set_A;D06;D06,CTGCGAGCCA,TGGCCGGATT,CTGTCTCTTATACACATCT,,added by Tagmentation, ,29.04040404,nM,Qubit,,,,,,,,,
Illumina,NextSeq,HIGH,0,20190816-T7V1,20190813B,VALIDATION RUN 1,2 nM by Qubit|  ,yes,no,2-channel,,,,,,,ExplifyV2,PROD,Code01,Synergy,21,C24-2,None,,,None| nan|  |  ,E06,RNA,icDNA01,,26706_10760,T7,T7,T7,,,,,,,r-20190816-T7V1-C24-2-d-21,Nextera,E06,UDI_set_A;E06;E06,CGTTATTCTA,AACCTTATGG,CTGTCTCTTATACACATCT,,added by Tagmentation, ,20.12626263,nM,Qubit,,,,,,,,,
Illumina,NextSeq,HIGH,0,20190816-T7V1,20190813B,VALIDATION RUN 1,2 nM by Qubit|  ,yes,no,2-channel,,,,,,,ExplifyV2,PROD,Code01,Synergy,22,C25-2,None,,,None| nan|  |  ,F06,RNA,icDNA01,,26706_10760,T7,T7,T7,,,,,,,r-20190816-T7V1-C25-2-d-22,Nextera,F06,UDI_set_A;F06;F06,AGATCCATTA,TGGTAGAGAT,CTGTCTCTTATACACATCT,,added by Tagmentation, ,21.48989899,nM,Qubit,,,,,,,,,
Illumina,NextSeq,HIGH,0,20190816-T7V1,20190813B,VALIDATION RUN 1,2 nM by Qubit|  ,yes,no,2-channel,,,,,,,ExplifyV2,PROD,Code01,Synergy,23,C26-2,None,,,None| nan|  |  ,G06,RNA,icDNA01,,26706_10760,T7,T7,T7,,,,,,,r-20190816-T7V1-C26-2-d-23,Nextera,G06,UDI_set_A;G06;G06,GTCCTGGATA,TTCGCCACCG,CTGTCTCTTATACACATCT,,added by Tagmentation, ,49.49494949,nM,Qubit,,,,,,,,,
Illumina,NextSeq,HIGH,0,20190816-T7V1,20190813B,VALIDATION RUN 1,2 nM by Qubit|  ,yes,no,2-channel,,,,,,,ExplifyV2,PROD,Code01,Synergy,24,C27-2,None,,,None| nan|  |  ,H06,RNA,icDNA01,,26706_10760,T7,T7,T7,,,,,,,r-20190816-T7V1-C27-2-d-24,Nextera,H06,UDI_set_A;H06;H06,CAGTGGCACT,CCTATTGTTA,CTGTCTCTTATACACATCT,,added by Tagmentation, ,43.43434343,nM,Qubit,,,,,,,,,
Illumina,NextSeq,HIGH,0,20190816-T7V1,20190813B,VALIDATION RUN 1,2 nM by Qubit|  ,yes,no,2-channel,,,,,,,ExplifyV2,PROD,Code01,Synergy,25,C14-3,None,,,None| nan|  |  ,A07,RNA,icDNA01,,26706_10760,T7,T7,T7,,,,,,,r-20190816-T7V1-C14-3-d-25,Nextera,A07,UDI_set_A;A07;A07,AGTGTTGCAC,CGTGTACCAG,CTGTCTCTTATACACATCT,,added by Tagmentation, ,14.74747475,nM,Qubit,,,,,,,,,
Illumina,NextSeq,HIGH,0,20190816-T7V1,20190813B,VALIDATION RUN 1,2 nM by Qubit|  ,yes,no,2-channel,,,,,,,ExplifyV2,PROD,Code01,Synergy,26,C15-3,None,,,None| nan|  |  ,B07,RNA,icDNA01,,26706_10760,T7,T7,T7,,,,,,,r-20190816-T7V1-C15-3-d-26,Nextera,B07,UDI_set_A;B07;B07,GACACCATGT,TACACGTTGA,CTGTCTCTTATACACATCT,,added by Tagmentation, ,14.82323232,nM,Qubit,,,,,,,,,
Illumina,NextSeq,HIGH,0,20190816-T7V1,20190813B,VALIDATION RUN 1,2 nM by Qubit|  ,yes,no,2-channel,,,,,,,ExplifyV2,PROD,Code01,Synergy,27,C16-3,None,,,None| nan|  |  ,C07,RNA,icDNA01,,26706_10760,T7,T7,T7,,,,,,,r-20190816-T7V1-C16-3-d-27,Nextera,C07,UDI_set_A;C07;C07,CCTGTCTGTC,TCACAACAGT,CTGTCTCTTATACACATCT,,added by Tagmentation, ,8.813131313,nM,Qubit,,,,,,,,,
Illumina,NextSeq,HIGH,0,20190816-T7V1,20190813B,VALIDATION RUN 1,2 nM by Qubit|  ,yes,no,2-channel,,,,,,,ExplifyV2,PROD,Code01,Synergy,28,C17-3,None,,,None| nan|  |  ,D07,RNA,icDNA01,,26706_10760,T7,T7,T7,,,,,,,r-20190816-T7V1-C17-3-d-28,Nextera,D07,UDI_set_A;D07;D07,TGATGTAAGA,AAGGACGCAC,CTGTCTCTTATACACATCT,,added by Tagmentation, ,16.96969697,nM,Qubit,,,,,,,,,
Illumina,NextSeq,HIGH,0,20190816-T7V1,20190813B,VALIDATION RUN 1,2 nM by Qubit|  ,yes,no,2-channel,,,,,,,ExplifyV2,PROD,Code01,Synergy,29,C18-3,None,,,None| nan|  |  ,E07,RNA,icDNA01,,26706_10760,T7,T7,T7,,,,,,,r-20190816-T7V1-C18-3-d-29,Nextera,E07,UDI_set_A;E07;E07,GGAATTGTAA,AGGATGTGCT,CTGTCTCTTATACACATCT,,added by Tagmentation, ,40.65656566,nM,Qubit,,,,,,,,,
Illumina,NextSeq,HIGH,0,20190816-T7V1,20190813B,VALIDATION RUN 1,2 nM by Qubit|  ,yes,no,2-channel,,,,,,,ExplifyV2,PROD,Code01,Synergy,30,C19-3,None,,,None| nan|  |  ,F07,RNA,icDNA01,,26706_10760,T7,T7,T7,,,,,,,r-20190816-T7V1-C19-3-d-30,Nextera,F07,UDI_set_A;F07;F07,GCATAAGCTT,TGCGACGGAA,CTGTCTCTTATACACATCT,,added by Tagmentation, ,23.58585859,nM,Qubit,,,,,,,,,
Illumina,NextSeq,HIGH,0,20190816-T7V1,20190813B,VALIDATION RUN 1,2 nM by Qubit|  ,yes,no,2-channel,,,,,,,ExplifyV2,PROD,Code01,Synergy,31,C21-3,None,,,None| nan|  |  ,G07,RNA,icDNA01,,26706_10760,T7,T7,T7,,,,,,,r-20190816-T7V1-C21-3-d-31,Nextera,G07,UDI_set_A;G07;G07,CTGAGGAATA,AGTGGTTAAG,CTGTCTCTTATACACATCT,,added by Tagmentation, ,33.83838384,nM,Qubit,,,,,,,,,
Illumina,NextSeq,HIGH,0,20190816-T7V1,20190813B,VALIDATION RUN 1,2 nM by Qubit|  ,yes,no,2-channel,,,,,,,ExplifyV2,PROD,Code01,Synergy,32,C22-3,None,,,None| nan|  |  ,H07,RNA,icDNA01,,26706_10760,T7,T7,T7,,,,,,,r-20190816-T7V1-C22-3-d-32,Nextera,H07,UDI_set_A;H07;H07,AACGCACGAG,TATCCGAGGC,CTGTCTCTTATACACATCT,,added by Tagmentation, ,27.27272727,nM,Qubit,,,,,,,,,
Illumina,NextSeq,HIGH,0,20190816-T7V1,20190813B,VALIDATION RUN 1,2 nM by Qubit|  ,yes,no,2-channel,,,,,,,ExplifyV2,PROD,Code01,Synergy,33,C24-3,None,,,None| nan|  |  ,C03,RNA,icDNA01,,26706_10760,T7,T7,T7,,,,,,,r-20190816-T7V1-C24-3-d-33,Nextera,C03,UDI_set_A;C03;C03,CCATCATTAG,AGAGGCAACC,CTGTCTCTTATACACATCT,,added by Tagmentation, ,17.55050505,nM,Qubit,,,,,,,,,
Illumina,NextSeq,HIGH,0,20190816-T7V1,20190813B,VALIDATION RUN 1,2 nM by Qubit|  ,yes,no,2-channel,,,,,,,ExplifyV2,PROD,Code01,Synergy,34,C25-3,None,,,None| nan|  |  ,D03,RNA,icDNA01,,26706_10760,T7,T7,T7,,,,,,,r-20190816-T7V1-C25-3-d-34,Nextera,D03,UDI_set_A;D03;D03,GATAGGCCGA,GCCATGTGCG,CTGTCTCTTATACACATCT,,added by Tagmentation, ,18.38383838,nM,Qubit,,,,,,,,,
Illumina,NextSeq,HIGH,0,20190816-T7V1,20190813B,VALIDATION RUN 1,2 nM by Qubit|  ,yes,no,2-channel,,,,,,,ExplifyV2,PROD,Code01,Synergy,35,C26-3,None,,,None| nan|  |  ,E03,RNA,icDNA01,,26706_10760,T7,T7,T7,,,,,,,r-20190816-T7V1-C26-3-d-35,Nextera,E03,UDI_set_A;E03;E03,ATGGTTGACT,AGGACAGGCC,CTGTCTCTTATACACATCT,,added by Tagmentation, ,39.39393939,nM,Qubit,,,,,,,,,
Illumina,NextSeq,HIGH,0,20190816-T7V1,20190813B,VALIDATION RUN 1,2 nM by Qubit|  ,yes,no,2-channel,,,,,,,ExplifyV2,PROD,Code01,Synergy,36,C27-3,None,,,None| nan|  |  ,F03,RNA,icDNA01,,26706_10760,T7,T7,T7,,,,,,,r-20190816-T7V1-C27-3-d-36,Nextera,F03,UDI_set_A;F03;F03,TATTGCGCTC,CCTAACACAG,CTGTCTCTTATACACATCT,,added by Tagmentation, ,29.54545455,nM,Qubit,,,,,,,,,