Name,# Disagreements,# Indel Disagreements,# Nucleotide Sequences With Mates,# Nucleotides,# Sequences,% Identical Sites,% Of Ref Seq,% Pairwise Identity,%GC,Ambiguities,Approx. Consensus Length,Bin,Created Date,Description,Failed Binning Fields,Free end gaps,HQ%,Imported From: Filename,Imported From: Path,LQ%,Max Sequence Length,Mean Coverage,Min Sequence Length,Modified,Read Technology,Ref Seq Index,Ref Seq Length,Ref Seq Name,Sample,Sequence Length,Sequence List Name,SequenceListOrderingRevisionNumber,Size,Topology,URN,Reference
190522-1-1-IDBD-D100081-d-01-AHLCV2AFXY-TAATGTGTCT-TATGCCTTAC-5ce6a9f8_S1_R1_001.postAdapt.postQual assembled to Cryptococcus neoformans 18S extraction,,,0,531414,4176,43.10%,100.00%,94.80%,47.00%,,,,Thu Aug 08 13:52:49 MDT 2019,"4,175 reads from 190522-1-1-IDBD-D100081-d-01-AHLCV2AFXY-TAATGTGTCT-TATGCCTTAC-5ce6a9f8_S1_R1_001.postAdapt.postQual mapped to Cryptococcus neoformans 18S extraction using Geneious",,TRUE,,190522-1-1-IDBD-D100081-d-01-AHLCV2AFXY-TAATGTGTCT-TATGCCTTAC-5ce6a9f8_S1_R1_001.postAdapt.postQual.fastq.gz,/Volumes/IDbyDNA RAID/Heng/community standard,,147,361.2352513,60,Thu Aug 08 13:52:50 MDT 2019,Illumina,0,1373,Cryptococcus neoformans 18S extraction,190522-1-1-IDBD-D100081-d-01-AHLCV2AFXY-TAATGTGTCT-TATGCCTTAC-5ce6a9f8_S1_R1_001.postAdapt.postQual,1621,,0,619 KB,linear,urn:local:.:em-at4smxk,18S
190522-1-1-IDBD-D100081-d-01-AHLCV2AFXY-TAATGTGTCT-TATGCCTTAC-5ce6a9f8_S1_R1_001.postAdapt.postQual assembled to NC_006684 extraction,,,0,737887,3863,92.10%,83.70%,94.70%,48.40%,,,,Thu Aug 08 13:54:03 MDT 2019,"3,862 reads from 190522-1-1-IDBD-D100081-d-01-AHLCV2AFXY-TAATGTGTCT-TATGCCTTAC-5ce6a9f8_S1_R1_001.postAdapt.postQual mapped to NC_006684 extraction using Geneious",,TRUE,,190522-1-1-IDBD-D100081-d-01-AHLCV2AFXY-TAATGTGTCT-TATGCCTTAC-5ce6a9f8_S1_R1_001.postAdapt.postQual.fastq.gz,/Volumes/IDbyDNA RAID/Heng/community standard,,147,1.947537975,60,Thu Aug 08 13:54:03 MDT 2019,Illumina,0,250637,NC_006684 extraction,190522-1-1-IDBD-D100081-d-01-AHLCV2AFXY-TAATGTGTCT-TATGCCTTAC-5ce6a9f8_S1_R1_001.postAdapt.postQual,251744,,0,"1,546 KB",linear,urn:local:.:ex-at4ssls,Chr2
190522-1-1-IDBD-D100082-d-02-AHLCV2AFXY-ATACCAACGC-CGCAGCAATT-5ce6a9f8_S2_R1_001.postAdapt.postQual assembled to Cryptococcus neoformans 18S extraction,,,0,488180,3888,48.70%,100.00%,94.90%,47.00%,,,,Thu Aug 08 13:53:56 MDT 2019,"3,887 reads from 190522-1-1-IDBD-D100082-d-02-AHLCV2AFXY-ATACCAACGC-CGCAGCAATT-5ce6a9f8_S2_R1_001.postAdapt.postQual mapped to Cryptococcus neoformans 18S extraction using Geneious",,TRUE,,190522-1-1-IDBD-D100082-d-02-AHLCV2AFXY-ATACCAACGC-CGCAGCAATT-5ce6a9f8_S2_R1_001.postAdapt.postQual.fastq.gz,/Volumes/IDbyDNA RAID/Heng/community standard,,147,331.9446468,60,Thu Aug 08 13:53:56 MDT 2019,Illumina,0,1373,Cryptococcus neoformans 18S extraction,190522-1-1-IDBD-D100082-d-02-AHLCV2AFXY-ATACCAACGC-CGCAGCAATT-5ce6a9f8_S2_R1_001.postAdapt.postQual,1629,,0,569 KB,linear,urn:local:.:es-at4ss0v,18S
190522-1-1-IDBD-D100082-d-02-AHLCV2AFXY-ATACCAACGC-CGCAGCAATT-5ce6a9f8_S2_R1_001.postAdapt.postQual assembled to NC_006684 extraction,,,0,680772,3419,92.70%,80.00%,94.70%,48.30%,,,,Thu Aug 08 13:55:10 MDT 2019,"3,418 reads from 190522-1-1-IDBD-D100082-d-02-AHLCV2AFXY-ATACCAACGC-CGCAGCAATT-5ce6a9f8_S2_R1_001.postAdapt.postQual mapped to NC_006684 extraction using Geneious",,TRUE,,190522-1-1-IDBD-D100082-d-02-AHLCV2AFXY-ATACCAACGC-CGCAGCAATT-5ce6a9f8_S2_R1_001.postAdapt.postQual.fastq.gz,/Volumes/IDbyDNA RAID/Heng/community standard,,147,1.719689263,60,Thu Aug 08 13:55:10 MDT 2019,Illumina,0,250637,NC_006684 extraction,190522-1-1-IDBD-D100082-d-02-AHLCV2AFXY-ATACCAACGC-CGCAGCAATT-5ce6a9f8_S2_R1_001.postAdapt.postQual,251660,,0,"1,472 KB",linear,urn:local:.:f7-at4sxsj,Chr2
190522-1-1-IDBD-D100083-d-03-AHLCV2AFXY-AGGATGTGCT-GGAATTGTAA-5ce6a9f8_S3_R1_001.postAdapt.postQual assembled to Cryptococcus neoformans 18S extraction,,,0,526640,4052,42.30%,100.00%,94.60%,47.00%,,,,Thu Aug 08 13:55:05 MDT 2019,"4,051 reads from 190522-1-1-IDBD-D100083-d-03-AHLCV2AFXY-AGGATGTGCT-GGAATTGTAA-5ce6a9f8_S3_R1_001.postAdapt.postQual mapped to Cryptococcus neoformans 18S extraction using Geneious",,TRUE,,190522-1-1-IDBD-D100083-d-03-AHLCV2AFXY-AGGATGTGCT-GGAATTGTAA-5ce6a9f8_S3_R1_001.postAdapt.postQual.fastq.gz,/Volumes/IDbyDNA RAID/Heng/community standard,,147,354.7115805,60,Thu Aug 08 13:55:05 MDT 2019,Illumina,0,1373,Cryptococcus neoformans 18S extraction,190522-1-1-IDBD-D100083-d-03-AHLCV2AFXY-AGGATGTGCT-GGAATTGTAA-5ce6a9f8_S3_R1_001.postAdapt.postQual,1640,,0,613 KB,linear,urn:local:.:f2-at4sxd7,18S
190522-1-1-IDBD-D100083-d-03-AHLCV2AFXY-AGGATGTGCT-GGAATTGTAA-5ce6a9f8_S3_R1_001.postAdapt.postQual assembled to NC_006684 extraction,,,0,704895,3521,92.40%,81.40%,94.90%,48.30%,,,,Thu Aug 08 13:56:21 MDT 2019,"3,520 reads from 190522-1-1-IDBD-D100083-d-03-AHLCV2AFXY-AGGATGTGCT-GGAATTGTAA-5ce6a9f8_S3_R1_001.postAdapt.postQual mapped to NC_006684 extraction using Geneious",,TRUE,,190522-1-1-IDBD-D100083-d-03-AHLCV2AFXY-AGGATGTGCT-GGAATTGTAA-5ce6a9f8_S3_R1_001.postAdapt.postQual.fastq.gz,/Volumes/IDbyDNA RAID/Heng/community standard,,147,1.81491558,60,Thu Aug 08 13:56:21 MDT 2019,Illumina,0,250637,NC_006684 extraction,190522-1-1-IDBD-D100083-d-03-AHLCV2AFXY-AGGATGTGCT-GGAATTGTAA-5ce6a9f8_S3_R1_001.postAdapt.postQual,251777,,0,"1,501 KB",linear,urn:local:.:fh-at4t37k,Chr2
190522-1-1-IDBD-D100084-d-04-AHLCV2AFXY-CACGGAACAA-GTGCTAGGTT-5ce6a9f8_S4_R1_001.postAdapt.postQual assembled to Cryptococcus neoformans 18S extraction,,,0,349794,2765,48.40%,100.00%,94.50%,46.80%,,,,Thu Aug 08 13:55:57 MDT 2019,"2,764 reads from 190522-1-1-IDBD-D100084-d-04-AHLCV2AFXY-CACGGAACAA-GTGCTAGGTT-5ce6a9f8_S4_R1_001.postAdapt.postQual mapped to Cryptococcus neoformans 18S extraction using Geneious",,TRUE,,190522-1-1-IDBD-D100084-d-04-AHLCV2AFXY-CACGGAACAA-GTGCTAGGTT-5ce6a9f8_S4_R1_001.postAdapt.postQual.fastq.gz,/Volumes/IDbyDNA RAID/Heng/community standard,,147,236.2439913,60,Thu Aug 08 13:55:57 MDT 2019,Illumina,0,1373,Cryptococcus neoformans 18S extraction,190522-1-1-IDBD-D100084-d-04-AHLCV2AFXY-CACGGAACAA-GTGCTAGGTT-5ce6a9f8_S4_R1_001.postAdapt.postQual,1631,,0,407 KB,linear,urn:local:.:fc-at4t1dz,18S
190522-1-1-IDBD-D100084-d-04-AHLCV2AFXY-CACGGAACAA-GTGCTAGGTT-5ce6a9f8_S4_R1_001.postAdapt.postQual assembled to NC_006684 extraction,,,0,551434,2372,93.20%,69.30%,94.70%,48.10%,,,,Thu Aug 08 13:57:12 MDT 2019,"2,371 reads from 190522-1-1-IDBD-D100084-d-04-AHLCV2AFXY-CACGGAACAA-GTGCTAGGTT-5ce6a9f8_S4_R1_001.postAdapt.postQual mapped to NC_006684 extraction using Geneious",,TRUE,,190522-1-1-IDBD-D100084-d-04-AHLCV2AFXY-CACGGAACAA-GTGCTAGGTT-5ce6a9f8_S4_R1_001.postAdapt.postQual.fastq.gz,/Volumes/IDbyDNA RAID/Heng/community standard,,147,1.203566713,60,Thu Aug 08 13:57:12 MDT 2019,Illumina,0,250637,NC_006684 extraction,190522-1-1-IDBD-D100084-d-04-AHLCV2AFXY-CACGGAACAA-GTGCTAGGTT-5ce6a9f8_S4_R1_001.postAdapt.postQual,251436,,0,"1,306 KB",linear,urn:local:.:fr-at4t75k,Chr2
190522-1-1-IDBD-D100085-d-05-AHLCV2AFXY-TGGAGTACTT-TCCACACAGA-5ce6a9f8_S5_R1_001.postAdapt.postQual assembled to Cryptococcus neoformans 18S extraction,,,0,389649,2921,50.70%,100.00%,94.30%,46.70%,,,,Thu Aug 08 13:56:59 MDT 2019,"2,920 reads from 190522-1-1-IDBD-D100085-d-05-AHLCV2AFXY-TGGAGTACTT-TCCACACAGA-5ce6a9f8_S5_R1_001.postAdapt.postQual mapped to Cryptococcus neoformans 18S extraction using Geneious",,TRUE,,190522-1-1-IDBD-D100085-d-05-AHLCV2AFXY-TGGAGTACTT-TCCACACAGA-5ce6a9f8_S5_R1_001.postAdapt.postQual.fastq.gz,/Volumes/IDbyDNA RAID/Heng/community standard,,147,261.7188638,60,Thu Aug 08 13:56:59 MDT 2019,Illumina,0,1373,Cryptococcus neoformans 18S extraction,190522-1-1-IDBD-D100085-d-05-AHLCV2AFXY-TGGAGTACTT-TCCACACAGA-5ce6a9f8_S5_R1_001.postAdapt.postQual,1631,,0,451 KB,linear,urn:local:.:fm-at4t66g,18S
190522-1-1-IDBD-D100085-d-05-AHLCV2AFXY-TGGAGTACTT-TCCACACAGA-5ce6a9f8_S5_R1_001.postAdapt.postQual assembled to NC_006684 extraction,,,0,586141,2532,93.00%,71.30%,94.70%,48.10%,,,,Thu Aug 08 13:58:15 MDT 2019,"2,531 reads from 190522-1-1-IDBD-D100085-d-05-AHLCV2AFXY-TGGAGTACTT-TCCACACAGA-5ce6a9f8_S5_R1_001.postAdapt.postQual mapped to NC_006684 extraction using Geneious",,TRUE,,190522-1-1-IDBD-D100085-d-05-AHLCV2AFXY-TGGAGTACTT-TCCACACAGA-5ce6a9f8_S5_R1_001.postAdapt.postQual.fastq.gz,/Volumes/IDbyDNA RAID/Heng/community standard,,147,1.340923821,60,Thu Aug 08 13:58:15 MDT 2019,Illumina,0,250637,NC_006684 extraction,190522-1-1-IDBD-D100085-d-05-AHLCV2AFXY-TGGAGTACTT-TCCACACAGA-5ce6a9f8_S5_R1_001.postAdapt.postQual,251499,,0,"1,347 KB",linear,urn:local:.:g1-at4tc0v,Chr2
190522-1-1-IDBD-D100086-d-06-AHLCV2AFXY-GTATTGACGT-TTGGAATTCC-5ce6a9f8_S6_R1_001.postAdapt.postQual assembled to Cryptococcus neoformans 18S extraction,,,0,394636,2849,51.00%,100.00%,94.60%,46.90%,,,,Thu Aug 08 13:57:55 MDT 2019,"2,848 reads from 190522-1-1-IDBD-D100086-d-06-AHLCV2AFXY-GTATTGACGT-TTGGAATTCC-5ce6a9f8_S6_R1_001.postAdapt.postQual mapped to Cryptococcus neoformans 18S extraction using Geneious",,TRUE,,190522-1-1-IDBD-D100086-d-06-AHLCV2AFXY-GTATTGACGT-TTGGAATTCC-5ce6a9f8_S6_R1_001.postAdapt.postQual.fastq.gz,/Volumes/IDbyDNA RAID/Heng/community standard,,147,264.7239621,60,Thu Aug 08 13:57:55 MDT 2019,Illumina,0,1373,Cryptococcus neoformans 18S extraction,190522-1-1-IDBD-D100086-d-06-AHLCV2AFXY-GTATTGACGT-TTGGAATTCC-5ce6a9f8_S6_R1_001.postAdapt.postQual,1637,,0,456 KB,linear,urn:local:.:fw-at4tagy,18S
190522-1-1-IDBD-D100086-d-06-AHLCV2AFXY-GTATTGACGT-TTGGAATTCC-5ce6a9f8_S6_R1_001.postAdapt.postQual assembled to NC_006684 extraction,,,0,558726,2230,93.50%,68.70%,94.90%,48.10%,,,,Thu Aug 08 13:59:10 MDT 2019,"2,229 reads from 190522-1-1-IDBD-D100086-d-06-AHLCV2AFXY-GTATTGACGT-TTGGAATTCC-5ce6a9f8_S6_R1_001.postAdapt.postQual mapped to NC_006684 extraction using Geneious",,TRUE,,190522-1-1-IDBD-D100086-d-06-AHLCV2AFXY-GTATTGACGT-TTGGAATTCC-5ce6a9f8_S6_R1_001.postAdapt.postQual.fastq.gz,/Volumes/IDbyDNA RAID/Heng/community standard,,147,1.232979346,60,Thu Aug 08 13:59:10 MDT 2019,Illumina,0,250637,NC_006684 extraction,190522-1-1-IDBD-D100086-d-06-AHLCV2AFXY-GTATTGACGT-TTGGAATTCC-5ce6a9f8_S6_R1_001.postAdapt.postQual,251327,,0,"1,309 KB",linear,urn:local:.:g6-at4tg9u,Chr2
190522-1-1-IDBD-D100087-d-01-AHLCV2AFXY-CCTGCGGAAC-AGCCTATGAT-5ce6a9f8_S7_R1_001.postAdapt.postQual assembled to Cryptococcus neoformans 18S extraction,,,0,610013,4792,43.60%,100.00%,97.20%,46.20%,,,,Thu Aug 08 14:00:31 MDT 2019,"4,791 reads from 190522-1-1-IDBD-D100087-d-01-AHLCV2AFXY-CCTGCGGAAC-AGCCTATGAT-5ce6a9f8_S7_R1_001.postAdapt.postQual mapped to Cryptococcus neoformans 18S extraction using Geneious",,TRUE,,190522-1-1-IDBD-D100087-d-01-AHLCV2AFXY-CCTGCGGAAC-AGCCTATGAT-5ce6a9f8_S7_R1_001.postAdapt.postQual.fastq.gz,/Volumes/IDbyDNA RAID/Heng/community standard,,147,411.2352513,60,Thu Aug 08 14:00:32 MDT 2019,Illumina,0,1373,Cryptococcus neoformans 18S extraction,190522-1-1-IDBD-D100087-d-01-AHLCV2AFXY-CCTGCGGAAC-AGCCTATGAT-5ce6a9f8_S7_R1_001.postAdapt.postQual,1631,,0,709 KB,linear,urn:local:.:gb-at4tmkx,18S
190522-1-1-IDBD-D100087-d-01-AHLCV2AFXY-CCTGCGGAAC-AGCCTATGAT-5ce6a9f8_S7_R1_001.postAdapt.postQual assembled to NC_006684 extraction,,,0,457548,1669,93.80%,55.70%,94.80%,48.40%,,,,Thu Aug 08 14:01:45 MDT 2019,"1,668 reads from 190522-1-1-IDBD-D100087-d-01-AHLCV2AFXY-CCTGCGGAAC-AGCCTATGAT-5ce6a9f8_S7_R1_001.postAdapt.postQual mapped to NC_006684 extraction using Geneious",,TRUE,,190522-1-1-IDBD-D100087-d-01-AHLCV2AFXY-CCTGCGGAAC-AGCCTATGAT-5ce6a9f8_S7_R1_001.postAdapt.postQual.fastq.gz,/Volumes/IDbyDNA RAID/Heng/community standard,,147,0.827345714,60,Thu Aug 08 14:01:45 MDT 2019,Illumina,0,250637,NC_006684 extraction,190522-1-1-IDBD-D100087-d-01-AHLCV2AFXY-CCTGCGGAAC-AGCCTATGAT-5ce6a9f8_S7_R1_001.postAdapt.postQual,251352,,0,"1,186 KB",linear,urn:local:.:gg-at4ts9u,Chr2
190522-1-1-IDBD-D100088-d-02-AHLCV2AFXY-TTCATAAGGT-CCTTCTAACA-5ce6a9f8_S9_R1_001.postAdapt.postQual assembled to Cryptococcus neoformans 18S extraction,,,0,484311,3749,49.90%,100.00%,97.40%,46.20%,,,,Thu Aug 08 14:01:57 MDT 2019,"3,748 reads from 190522-1-1-IDBD-D100088-d-02-AHLCV2AFXY-TTCATAAGGT-CCTTCTAACA-5ce6a9f8_S9_R1_001.postAdapt.postQual mapped to Cryptococcus neoformans 18S extraction using Geneious",,TRUE,,190522-1-1-IDBD-D100088-d-02-AHLCV2AFXY-TTCATAAGGT-CCTTCTAACA-5ce6a9f8_S9_R1_001.postAdapt.postQual.fastq.gz,/Volumes/IDbyDNA RAID/Heng/community standard,,147,327.5076475,60,Thu Aug 08 14:01:57 MDT 2019,Illumina,0,1373,Cryptococcus neoformans 18S extraction,190522-1-1-IDBD-D100088-d-02-AHLCV2AFXY-TTCATAAGGT-CCTTCTAACA-5ce6a9f8_S9_R1_001.postAdapt.postQual,1611,,0,562 KB,linear,urn:local:.:gl-at4tt6j,18S
190522-1-1-IDBD-D100088-d-02-AHLCV2AFXY-TTCATAAGGT-CCTTCTAACA-5ce6a9f8_S9_R1_001.postAdapt.postQual assembled to NC_006684 extraction,,,0,420682,1361,94.10%,48.10%,95.00%,48.50%,,,,Thu Aug 08 14:03:06 MDT 2019,"1,360 reads from 190522-1-1-IDBD-D100088-d-02-AHLCV2AFXY-TTCATAAGGT-CCTTCTAACA-5ce6a9f8_S9_R1_001.postAdapt.postQual mapped to NC_006684 extraction using Geneious",,TRUE,,190522-1-1-IDBD-D100088-d-02-AHLCV2AFXY-TTCATAAGGT-CCTTCTAACA-5ce6a9f8_S9_R1_001.postAdapt.postQual.fastq.gz,/Volumes/IDbyDNA RAID/Heng/community standard,,147,0.679959862,60,Thu Aug 08 14:03:06 MDT 2019,Illumina,0,250637,NC_006684 extraction,190522-1-1-IDBD-D100088-d-02-AHLCV2AFXY-TTCATAAGGT-CCTTCTAACA-5ce6a9f8_S9_R1_001.postAdapt.postQual,251131,,0,"1,107 KB",linear,urn:local:.:gq-at4tyh3,Chr2
190522-1-1-IDBD-D100090-d-03-AHLCV2AFXY-CTCTGCAGCG-TACATCCATC-5ce6a9f8_S11_R1_001.postAdapt.postQual assembled to Cryptococcus neoformans 18S extraction,,,0,381262,2970,54.10%,100.00%,97.50%,46.00%,,,,Thu Aug 08 14:03:43 MDT 2019,"2,969 reads from 190522-1-1-IDBD-D100090-d-03-AHLCV2AFXY-CTCTGCAGCG-TACATCCATC-5ce6a9f8_S11_R1_001.postAdapt.postQual mapped to Cryptococcus neoformans 18S extraction using Geneious",,TRUE,,190522-1-1-IDBD-D100090-d-03-AHLCV2AFXY-CTCTGCAGCG-TACATCCATC-5ce6a9f8_S11_R1_001.postAdapt.postQual.fastq.gz,/Volumes/IDbyDNA RAID/Heng/community standard,,147,257.1660597,60,Thu Aug 08 14:03:43 MDT 2019,Illumina,0,1373,Cryptococcus neoformans 18S extraction,190522-1-1-IDBD-D100090-d-03-AHLCV2AFXY-CTCTGCAGCG-TACATCCATC-5ce6a9f8_S11_R1_001.postAdapt.postQual,1618,,0,443 KB,linear,urn:local:.:gv-at4u1bl,18S
190522-1-1-IDBD-D100090-d-03-AHLCV2AFXY-CTCTGCAGCG-TACATCCATC-5ce6a9f8_S11_R1_001.postAdapt.postQual assembled to NC_006684 extraction,,,0,349049,813,93.70%,32.30%,94.30%,47.90%,,,,Thu Aug 08 14:04:53 MDT 2019,812 reads from 190522-1-1-IDBD-D100090-d-03-AHLCV2AFXY-CTCTGCAGCG-TACATCCATC-5ce6a9f8_S11_R1_001.postAdapt.postQual mapped to NC_006684 extraction using Geneious,,TRUE,,190522-1-1-IDBD-D100090-d-03-AHLCV2AFXY-CTCTGCAGCG-TACATCCATC-5ce6a9f8_S11_R1_001.postAdapt.postQual.fastq.gz,/Volumes/IDbyDNA RAID/Heng/community standard,,147,0.393856595,60,Thu Aug 08 14:04:53 MDT 2019,Illumina,0,250637,NC_006684 extraction,190522-1-1-IDBD-D100090-d-03-AHLCV2AFXY-CTCTGCAGCG-TACATCCATC-5ce6a9f8_S11_R1_001.postAdapt.postQual,251066,,0,985 KB,linear,urn:local:.:h5-at4u6ru,Chr2
190522-1-1-IDBD-D100091-d-04-AHLCV2AFXY-CTGACTCTAC-TGACGGCCGT-5ce6a9f8_S13_R1_001.postAdapt.postQual assembled to Cryptococcus neoformans 18S extraction,,,0,247872,1842,56.90%,100.00%,97.80%,45.90%,,,,Thu Aug 08 14:04:32 MDT 2019,"1,841 reads from 190522-1-1-IDBD-D100091-d-04-AHLCV2AFXY-CTGACTCTAC-TGACGGCCGT-5ce6a9f8_S13_R1_001.postAdapt.postQual mapped to Cryptococcus neoformans 18S extraction using Geneious",,TRUE,,190522-1-1-IDBD-D100091-d-04-AHLCV2AFXY-CTGACTCTAC-TGACGGCCGT-5ce6a9f8_S13_R1_001.postAdapt.postQual.fastq.gz,/Volumes/IDbyDNA RAID/Heng/community standard,,147,167.9410051,60,Thu Aug 08 14:04:32 MDT 2019,Illumina,0,1373,Cryptococcus neoformans 18S extraction,190522-1-1-IDBD-D100091-d-04-AHLCV2AFXY-CTGACTCTAC-TGACGGCCGT-5ce6a9f8_S13_R1_001.postAdapt.postQual,1611,,0,287 KB,linear,urn:local:.:h0-at4u542,18S
190522-1-1-IDBD-D100091-d-04-AHLCV2AFXY-CTGACTCTAC-TGACGGCCGT-5ce6a9f8_S13_R1_001.postAdapt.postQual assembled to NC_006684 extraction,,,0,305125,425,94.20%,19.40%,94.50%,48.30%,,,,Thu Aug 08 14:05:48 MDT 2019,424 reads from 190522-1-1-IDBD-D100091-d-04-AHLCV2AFXY-CTGACTCTAC-TGACGGCCGT-5ce6a9f8_S13_R1_001.postAdapt.postQual mapped to NC_006684 extraction using Geneious,,TRUE,,190522-1-1-IDBD-D100091-d-04-AHLCV2AFXY-CTGACTCTAC-TGACGGCCGT-5ce6a9f8_S13_R1_001.postAdapt.postQual.fastq.gz,/Volumes/IDbyDNA RAID/Heng/community standard,,147,0.218127093,60,Thu Aug 08 14:05:48 MDT 2019,Illumina,0,250637,NC_006684 extraction,190522-1-1-IDBD-D100091-d-04-AHLCV2AFXY-CTGACTCTAC-TGACGGCCGT-5ce6a9f8_S13_R1_001.postAdapt.postQual,250840,,0,927 KB,linear,urn:local:.:hf-at4uazw,Chr2
190522-1-1-IDBD-D100092-d-05-AHLCV2AFXY-TCTGGTATCC-GTAAGCAACG-5ce6a9f8_S15_R1_001.postAdapt.postQual assembled to Cryptococcus neoformans 18S extraction,,,0,273432,1961,55.30%,100.00%,97.50%,45.90%,,,,Thu Aug 08 14:05:32 MDT 2019,"1,960 reads from 190522-1-1-IDBD-D100092-d-05-AHLCV2AFXY-TCTGGTATCC-GTAAGCAACG-5ce6a9f8_S15_R1_001.postAdapt.postQual mapped to Cryptococcus neoformans 18S extraction using Geneious",,TRUE,,190522-1-1-IDBD-D100092-d-05-AHLCV2AFXY-TCTGGTATCC-GTAAGCAACG-5ce6a9f8_S15_R1_001.postAdapt.postQual.fastq.gz,/Volumes/IDbyDNA RAID/Heng/community standard,,147,181.6372906,61,Thu Aug 08 14:05:32 MDT 2019,Illumina,0,1373,Cryptococcus neoformans 18S extraction,190522-1-1-IDBD-D100092-d-05-AHLCV2AFXY-TCTGGTATCC-GTAAGCAACG-5ce6a9f8_S15_R1_001.postAdapt.postQual,1634,,0,316 KB,linear,urn:local:.:ha-at4u9r8,18S
190522-1-1-IDBD-D100092-d-05-AHLCV2AFXY-TCTGGTATCC-GTAAGCAACG-5ce6a9f8_S15_R1_001.postAdapt.postQual assembled to NC_006684 extraction,,,0,295032,328,93.90%,15.20%,94.40%,47.60%,,,,Thu Aug 08 14:06:47 MDT 2019,327 reads from 190522-1-1-IDBD-D100092-d-05-AHLCV2AFXY-TCTGGTATCC-GTAAGCAACG-5ce6a9f8_S15_R1_001.postAdapt.postQual mapped to NC_006684 extraction using Geneious,,TRUE,,190522-1-1-IDBD-D100092-d-05-AHLCV2AFXY-TCTGGTATCC-GTAAGCAACG-5ce6a9f8_S15_R1_001.postAdapt.postQual.fastq.gz,/Volumes/IDbyDNA RAID/Heng/community standard,,147,0.177854423,60,Thu Aug 08 14:06:47 MDT 2019,Illumina,0,250637,NC_006684 extraction,190522-1-1-IDBD-D100092-d-05-AHLCV2AFXY-TCTGGTATCC-GTAAGCAACG-5ce6a9f8_S15_R1_001.postAdapt.postQual,250795,,0,926 KB,linear,urn:local:.:hp-at4ufj9,Chr2
190522-1-1-IDBD-D100093-d-06-AHLCV2AFXY-CATTAGTGCG-TATGTAGTCA-5ce6a9f8_S17_R1_001.postAdapt.postQual assembled to Cryptococcus neoformans 18S extraction,,,0,321945,2302,56.90%,100.00%,97.50%,45.70%,,,,Thu Aug 08 14:06:44 MDT 2019,"2,301 reads from 190522-1-1-IDBD-D100093-d-06-AHLCV2AFXY-CATTAGTGCG-TATGTAGTCA-5ce6a9f8_S17_R1_001.postAdapt.postQual mapped to Cryptococcus neoformans 18S extraction using Geneious",,TRUE,,190522-1-1-IDBD-D100093-d-06-AHLCV2AFXY-CATTAGTGCG-TATGTAGTCA-5ce6a9f8_S17_R1_001.postAdapt.postQual.fastq.gz,/Volumes/IDbyDNA RAID/Heng/community standard,,147,215.0517116,60,Thu Aug 08 14:06:44 MDT 2019,Illumina,0,1373,Cryptococcus neoformans 18S extraction,190522-1-1-IDBD-D100093-d-06-AHLCV2AFXY-CATTAGTGCG-TATGTAGTCA-5ce6a9f8_S17_R1_001.postAdapt.postQual,1628,,0,371 KB,linear,urn:local:.:hk-at4ufac,18S
190522-1-1-IDBD-D100093-d-06-AHLCV2AFXY-CATTAGTGCG-TATGTAGTCA-5ce6a9f8_S17_R1_001.postAdapt.postQual assembled to NC_006684 extraction,,,0,324465,546,94.60%,23.80%,95.20%,48.00%,,,,Thu Aug 08 14:07:57 MDT 2019,545 reads from 190522-1-1-IDBD-D100093-d-06-AHLCV2AFXY-CATTAGTGCG-TATGTAGTCA-5ce6a9f8_S17_R1_001.postAdapt.postQual mapped to NC_006684 extraction using Geneious,,TRUE,,190522-1-1-IDBD-D100093-d-06-AHLCV2AFXY-CATTAGTGCG-TATGTAGTCA-5ce6a9f8_S17_R1_001.postAdapt.postQual.fastq.gz,/Volumes/IDbyDNA RAID/Heng/community standard,,147,0.295786608,62,Thu Aug 08 14:07:57 MDT 2019,Illumina,0,250637,NC_006684 extraction,190522-1-1-IDBD-D100093-d-06-AHLCV2AFXY-CATTAGTGCG-TATGTAGTCA-5ce6a9f8_S17_R1_001.postAdapt.postQual,250843,,0,950 KB,linear,urn:local:.:hz-at4uky0,Chr2
190708-1-1-IDBD-D100208-d-01-AHL3N7AFXY-AACCATAGAA-CCATCTCGCC-5d2465a6_S1_R1_001.postAdapt.postQual assembled to Cryptococcus neoformans 18S extraction,,,0,355535,2677,63.20%,100.00%,95.10%,46.80%,,,,Thu Aug 08 14:07:51 MDT 2019,"2,676 reads from 190708-1-1-IDBD-D100208-d-01-AHL3N7AFXY-AACCATAGAA-CCATCTCGCC-5d2465a6_S1_R1_001.postAdapt.postQual mapped to Cryptococcus neoformans 18S extraction using Geneious",,TRUE,,190708-1-1-IDBD-D100208-d-01-AHL3N7AFXY-AACCATAGAA-CCATCTCGCC-5d2465a6_S1_R1_001.postAdapt.postQual.fastq.gz,/Volumes/IDbyDNA RAID/Heng/community standard,,147,241.3037145,60,Thu Aug 08 14:07:52 MDT 2019,Illumina,0,1373,Cryptococcus neoformans 18S extraction,190708-1-1-IDBD-D100208-d-01-AHL3N7AFXY-AACCATAGAA-CCATCTCGCC-5d2465a6_S1_R1_001.postAdapt.postQual,1632,,0,411 KB,linear,urn:local:.:hu-at4ukj2,18S
190708-1-1-IDBD-D100208-d-01-AHL3N7AFXY-AACCATAGAA-CCATCTCGCC-5d2465a6_S1_R1_001.postAdapt.postQual assembled to NC_006684 extraction,,,0,1415237,8835,90.00%,98.20%,94.80%,48.60%,,,,Thu Aug 08 14:09:06 MDT 2019,"8,834 reads from 190708-1-1-IDBD-D100208-d-01-AHL3N7AFXY-AACCATAGAA-CCATCTCGCC-5d2465a6_S1_R1_001.postAdapt.postQual mapped to NC_006684 extraction using Geneious",,TRUE,,190708-1-1-IDBD-D100208-d-01-AHL3N7AFXY-AACCATAGAA-CCATCTCGCC-5d2465a6_S1_R1_001.postAdapt.postQual.fastq.gz,/Volumes/IDbyDNA RAID/Heng/community standard,,147,4.647735101,60,Thu Aug 08 14:09:06 MDT 2019,Illumina,0,250637,NC_006684 extraction,190708-1-1-IDBD-D100208-d-01-AHL3N7AFXY-AACCATAGAA-CCATCTCGCC-5d2465a6_S1_R1_001.postAdapt.postQual,252594,,0,"2,452 KB",linear,urn:local:.:i4-at4uq8e,Chr2
190708-1-1-IDBD-D100209-d-02-AHL3N7AFXY-GGTTGCGAGG-TTGCTCTATT-5d2465a6_S3_R1_001.postAdapt.postQual assembled to Cryptococcus neoformans 18S extraction,,,0,354552,2734,65.60%,100.00%,95.40%,46.80%,,,,Thu Aug 08 14:09:48 MDT 2019,"2,733 reads from 190708-1-1-IDBD-D100209-d-02-AHL3N7AFXY-GGTTGCGAGG-TTGCTCTATT-5d2465a6_S3_R1_001.postAdapt.postQual mapped to Cryptococcus neoformans 18S extraction using Geneious",,TRUE,,190708-1-1-IDBD-D100209-d-02-AHL3N7AFXY-GGTTGCGAGG-TTGCTCTATT-5d2465a6_S3_R1_001.postAdapt.postQual.fastq.gz,/Volumes/IDbyDNA RAID/Heng/community standard,,147,240.3685361,60,Thu Aug 08 14:09:48 MDT 2019,Illumina,0,1373,Cryptococcus neoformans 18S extraction,190708-1-1-IDBD-D100209-d-02-AHL3N7AFXY-GGTTGCGAGG-TTGCTCTATT-5d2465a6_S3_R1_001.postAdapt.postQual,1629,,0,411 KB,linear,urn:local:.:i9-at4uthi,18S
190708-1-1-IDBD-D100209-d-02-AHL3N7AFXY-GGTTGCGAGG-TTGCTCTATT-5d2465a6_S3_R1_001.postAdapt.postQual assembled to NC_006684 extraction,,,0,1184998,7217,90.50%,96.50%,94.70%,48.50%,,,,Thu Aug 08 14:11:02 MDT 2019,"7,216 reads from 190708-1-1-IDBD-D100209-d-02-AHL3N7AFXY-GGTTGCGAGG-TTGCTCTATT-5d2465a6_S3_R1_001.postAdapt.postQual mapped to NC_006684 extraction using Geneious",,TRUE,,190708-1-1-IDBD-D100209-d-02-AHL3N7AFXY-GGTTGCGAGG-TTGCTCTATT-5d2465a6_S3_R1_001.postAdapt.postQual.fastq.gz,/Volumes/IDbyDNA RAID/Heng/community standard,,147,3.730251069,60,Thu Aug 08 14:11:02 MDT 2019,Illumina,0,250637,NC_006684 extraction,190708-1-1-IDBD-D100209-d-02-AHL3N7AFXY-GGTTGCGAGG-TTGCTCTATT-5d2465a6_S3_R1_001.postAdapt.postQual,252520,,0,"2,147 KB",linear,urn:local:.:ie-at4uz8n,Chr2
190708-1-1-IDBD-D100210-d-03-AHL3N7AFXY-TAAGCATCCA-AATGGATTGA-5d2465a6_S5_R1_001.postAdapt.postQual assembled to Cryptococcus neoformans 18S extraction,,,0,360549,2773,67.00%,100.00%,95.70%,46.90%,,,,Thu Aug 08 14:11:30 MDT 2019,"2,772 reads from 190708-1-1-IDBD-D100210-d-03-AHL3N7AFXY-TAAGCATCCA-AATGGATTGA-5d2465a6_S5_R1_001.postAdapt.postQual mapped to Cryptococcus neoformans 18S extraction using Geneious",,TRUE,,190708-1-1-IDBD-D100210-d-03-AHL3N7AFXY-TAAGCATCCA-AATGGATTGA-5d2465a6_S5_R1_001.postAdapt.postQual.fastq.gz,/Volumes/IDbyDNA RAID/Heng/community standard,,147,243.418791,60,Thu Aug 08 14:11:30 MDT 2019,Illumina,0,1373,Cryptococcus neoformans 18S extraction,190708-1-1-IDBD-D100210-d-03-AHL3N7AFXY-TAAGCATCCA-AATGGATTGA-5d2465a6_S5_R1_001.postAdapt.postQual,1626,,0,418 KB,linear,urn:local:.:ij-at4v1di,18S
190708-1-1-IDBD-D100210-d-03-AHL3N7AFXY-TAAGCATCCA-AATGGATTGA-5d2465a6_S5_R1_001.postAdapt.postQual assembled to NC_006684 extraction,,,0,1233716,7585,90.60%,96.80%,95.00%,48.60%,,,,Thu Aug 08 14:12:45 MDT 2019,"7,584 reads from 190708-1-1-IDBD-D100210-d-03-AHL3N7AFXY-TAAGCATCCA-AATGGATTGA-5d2465a6_S5_R1_001.postAdapt.postQual mapped to NC_006684 extraction using Geneious",,TRUE,,190708-1-1-IDBD-D100210-d-03-AHL3N7AFXY-TAAGCATCCA-AATGGATTGA-5d2465a6_S5_R1_001.postAdapt.postQual.fastq.gz,/Volumes/IDbyDNA RAID/Heng/community standard,,147,3.92334873,60,Thu Aug 08 14:12:45 MDT 2019,Illumina,0,250637,NC_006684 extraction,190708-1-1-IDBD-D100210-d-03-AHL3N7AFXY-TAAGCATCCA-AATGGATTGA-5d2465a6_S5_R1_001.postAdapt.postQual,252442,,0,"2,177 KB",linear,urn:local:.:it-at4v75a,Chr2
190708-1-1-IDBD-D100211-d-04-AHL3N7AFXY-ACCACGACAT-CCGCATACGA-5d2465a6_S7_R1_001.postAdapt.postQual assembled to Cryptococcus neoformans 18S extraction,,,0,213550,1641,70.90%,100.00%,95.70%,46.90%,,,,Thu Aug 08 14:12:22 MDT 2019,"1,640 reads from 190708-1-1-IDBD-D100211-d-04-AHL3N7AFXY-ACCACGACAT-CCGCATACGA-5d2465a6_S7_R1_001.postAdapt.postQual mapped to Cryptococcus neoformans 18S extraction using Geneious",,TRUE,,190708-1-1-IDBD-D100211-d-04-AHL3N7AFXY-ACCACGACAT-CCGCATACGA-5d2465a6_S7_R1_001.postAdapt.postQual.fastq.gz,/Volumes/IDbyDNA RAID/Heng/community standard,,147,144.1675164,60,Thu Aug 08 14:12:22 MDT 2019,Illumina,0,1373,Cryptococcus neoformans 18S extraction,190708-1-1-IDBD-D100211-d-04-AHL3N7AFXY-ACCACGACAT-CCGCATACGA-5d2465a6_S7_R1_001.postAdapt.postQual,1629,,0,248 KB,linear,urn:local:.:io-at4v5f3,18S
190708-1-1-IDBD-D100211-d-04-AHL3N7AFXY-ACCACGACAT-CCGCATACGA-5d2465a6_S7_R1_001.postAdapt.postQual assembled to NC_006684 extraction,,,0,823897,4432,92.10%,88.10%,94.90%,48.60%,,,,Thu Aug 08 14:13:41 MDT 2019,"4,431 reads from 190708-1-1-IDBD-D100211-d-04-AHL3N7AFXY-ACCACGACAT-CCGCATACGA-5d2465a6_S7_R1_001.postAdapt.postQual mapped to NC_006684 extraction using Geneious",,TRUE,,190708-1-1-IDBD-D100211-d-04-AHL3N7AFXY-ACCACGACAT-CCGCATACGA-5d2465a6_S7_R1_001.postAdapt.postQual.fastq.gz,/Volumes/IDbyDNA RAID/Heng/community standard,,147,2.289396393,60,Thu Aug 08 14:13:41 MDT 2019,Illumina,0,250637,NC_006684 extraction,190708-1-1-IDBD-D100211-d-04-AHL3N7AFXY-ACCACGACAT-CCGCATACGA-5d2465a6_S7_R1_001.postAdapt.postQual,251952,,0,"1,653 KB",linear,urn:local:.:j3-at4vbim,Chr2
190708-1-1-IDBD-D100212-d-05-AHL3N7AFXY-GCCGCACTCT-CGAGGTCGGA-5d2465a6_S9_R1_001.postAdapt.postQual assembled to Cryptococcus neoformans 18S extraction,,,0,337007,2394,56.80%,100.00%,95.50%,46.70%,,,,Thu Aug 08 14:13:23 MDT 2019,"2,393 reads from 190708-1-1-IDBD-D100212-d-05-AHL3N7AFXY-GCCGCACTCT-CGAGGTCGGA-5d2465a6_S9_R1_001.postAdapt.postQual mapped to Cryptococcus neoformans 18S extraction using Geneious",,TRUE,,190708-1-1-IDBD-D100212-d-05-AHL3N7AFXY-GCCGCACTCT-CGAGGTCGGA-5d2465a6_S9_R1_001.postAdapt.postQual.fastq.gz,/Volumes/IDbyDNA RAID/Heng/community standard,,147,228.0546249,60,Thu Aug 08 14:13:24 MDT 2019,Illumina,0,1373,Cryptococcus neoformans 18S extraction,190708-1-1-IDBD-D100212-d-05-AHL3N7AFXY-GCCGCACTCT-CGAGGTCGGA-5d2465a6_S9_R1_001.postAdapt.postQual,1632,,0,388 KB,linear,urn:local:.:iy-at4va52,18S
190708-1-1-IDBD-D100212-d-05-AHL3N7AFXY-GCCGCACTCT-CGAGGTCGGA-5d2465a6_S9_R1_001.postAdapt.postQual assembled to NC_006684 extraction,,,0,1088484,5984,91.00%,95.20%,94.80%,48.40%,,,,Thu Aug 08 14:14:38 MDT 2019,"5,983 reads from 190708-1-1-IDBD-D100212-d-05-AHL3N7AFXY-GCCGCACTCT-CGAGGTCGGA-5d2465a6_S9_R1_001.postAdapt.postQual mapped to NC_006684 extraction using Geneious",,TRUE,,190708-1-1-IDBD-D100212-d-05-AHL3N7AFXY-GCCGCACTCT-CGAGGTCGGA-5d2465a6_S9_R1_001.postAdapt.postQual.fastq.gz,/Volumes/IDbyDNA RAID/Heng/community standard,,147,3.342794327,60,Thu Aug 08 14:14:38 MDT 2019,Illumina,0,250637,NC_006684 extraction,190708-1-1-IDBD-D100212-d-05-AHL3N7AFXY-GCCGCACTCT-CGAGGTCGGA-5d2465a6_S9_R1_001.postAdapt.postQual,252440,,0,"1,978 KB",linear,urn:local:.:jd-at4vfx0,Chr2
190708-1-1-IDBD-D100213-d-06-AHL3N7AFXY-CCACCAGGCA-ATTCCATAAG-5d2465a6_S11_R1_001.postAdapt.postQual assembled to Cryptococcus neoformans 18S extraction,,,0,299347,2114,64.40%,100.00%,94.80%,46.80%,,,,Thu Aug 08 14:14:17 MDT 2019,"2,113 reads from 190708-1-1-IDBD-D100213-d-06-AHL3N7AFXY-CCACCAGGCA-ATTCCATAAG-5d2465a6_S11_R1_001.postAdapt.postQual mapped to Cryptococcus neoformans 18S extraction using Geneious",,TRUE,,190708-1-1-IDBD-D100213-d-06-AHL3N7AFXY-CCACCAGGCA-ATTCCATAAG-5d2465a6_S11_R1_001.postAdapt.postQual.fastq.gz,/Volumes/IDbyDNA RAID/Heng/community standard,,147,202.210488,61,Thu Aug 08 14:14:17 MDT 2019,Illumina,0,1373,Cryptococcus neoformans 18S extraction,190708-1-1-IDBD-D100213-d-06-AHL3N7AFXY-CCACCAGGCA-ATTCCATAAG-5d2465a6_S11_R1_001.postAdapt.postQual,1635,,0,345 KB,linear,urn:local:.:j8-at4ve8n,18S
190708-1-1-IDBD-D100213-d-06-AHL3N7AFXY-CCACCAGGCA-ATTCCATAAG-5d2465a6_S11_R1_001.postAdapt.postQual assembled to NC_006684 extraction,,,0,1095063,6005,90.90%,94.70%,94.70%,48.50%,,,,Thu Aug 08 14:15:32 MDT 2019,"6,004 reads from 190708-1-1-IDBD-D100213-d-06-AHL3N7AFXY-CCACCAGGCA-ATTCCATAAG-5d2465a6_S11_R1_001.postAdapt.postQual mapped to NC_006684 extraction using Geneious",,TRUE,,190708-1-1-IDBD-D100213-d-06-AHL3N7AFXY-CCACCAGGCA-ATTCCATAAG-5d2465a6_S11_R1_001.postAdapt.postQual.fastq.gz,/Volumes/IDbyDNA RAID/Heng/community standard,,147,3.370408248,61,Thu Aug 08 14:15:32 MDT 2019,Illumina,0,250637,NC_006684 extraction,190708-1-1-IDBD-D100213-d-06-AHL3N7AFXY-CCACCAGGCA-ATTCCATAAG-5d2465a6_S11_R1_001.postAdapt.postQual,252273,,0,"1,984 KB",linear,urn:local:.:jn-at4vk34,Chr2
190708-1-1-IDBD-D100214-d-07-AHL3N7AFXY-GTGACACGCA-GTCCGTAAGC-5d2465a6_S13_R1_001.postAdapt.postQual assembled to Cryptococcus neoformans 18S extraction,417,11,0,117508,826,74.20%,100.00%,95.20%,48.20%,54,1629,<1>Low,Thu Aug 08 14:15:02 MDT 2019,825 reads from 190708-1-1-IDBD-D100214-d-07-AHL3N7AFXY-GTGACACGCA-GTCCGTAAGC-5d2465a6_S13_R1_001.postAdapt.postQual mapped to Cryptococcus neoformans 18S extraction using Geneious,"Ambiguities, # Disagreements",TRUE,99.10%,190708-1-1-IDBD-D100214-d-07-AHL3N7AFXY-GTGACACGCA-GTCCGTAAGC-5d2465a6_S13_R1_001.postAdapt.postQual.fastq.gz,/Volumes/IDbyDNA RAID/Heng/community standard,0.10%,147,77.84705025,62,Thu Aug 08 14:15:02 MDT 2019,Illumina,0,1373,Cryptococcus neoformans 18S extraction,190708-1-1-IDBD-D100214-d-07-AHL3N7AFXY-GTGACACGCA-GTCCGTAAGC-5d2465a6_S13_R1_001.postAdapt.postQual,1629,,0,135 KB,linear,urn:local:.:ji-at4vhq8,18S
190708-1-1-IDBD-D100214-d-07-AHL3N7AFXY-GTGACACGCA-GTCCGTAAGC-5d2465a6_S13_R1_001.postAdapt.postQual assembled to NC_006684 extraction,,,0,869337,4414,91.60%,84.90%,94.90%,48.90%,,,,Thu Aug 08 14:16:16 MDT 2019,"4,413 reads from 190708-1-1-IDBD-D100214-d-07-AHL3N7AFXY-GTGACACGCA-GTCCGTAAGC-5d2465a6_S13_R1_001.postAdapt.postQual mapped to NC_006684 extraction using Geneious",,TRUE,,190708-1-1-IDBD-D100214-d-07-AHL3N7AFXY-GTGACACGCA-GTCCGTAAGC-5d2465a6_S13_R1_001.postAdapt.postQual.fastq.gz,/Volumes/IDbyDNA RAID/Heng/community standard,,147,2.470900521,60,Thu Aug 08 14:16:16 MDT 2019,Illumina,0,250637,NC_006684 extraction,190708-1-1-IDBD-D100214-d-07-AHL3N7AFXY-GTGACACGCA-GTCCGTAAGC-5d2465a6_S13_R1_001.postAdapt.postQual,252032,,0,"1,701 KB",linear,urn:local:.:jx-at4vney,Chr2
190708-1-1-IDBD-D100215-d-08-AHL3N7AFXY-ACAGTGTATG-CCGTATGTTC-5d2465a6_S15_R1_001.postAdapt.postQual assembled to Cryptococcus neoformans 18S extraction,448,15,0,60867,421,71.60%,100.00%,93.20%,47.00%,116,1585,<1>Low,Thu Aug 08 14:15:58 MDT 2019,420 reads from 190708-1-1-IDBD-D100215-d-08-AHL3N7AFXY-ACAGTGTATG-CCGTATGTTC-5d2465a6_S15_R1_001.postAdapt.postQual mapped to Cryptococcus neoformans 18S extraction using Geneious,"Ambiguities, # Disagreements",TRUE,99.40%,190708-1-1-IDBD-D100215-d-08-AHL3N7AFXY-ACAGTGTATG-CCGTATGTTC-5d2465a6_S15_R1_001.postAdapt.postQual.fastq.gz,/Volumes/IDbyDNA RAID/Heng/community standard,0.10%,147,40.46394756,68,Thu Aug 08 14:15:58 MDT 2019,Illumina,0,1373,Cryptococcus neoformans 18S extraction,190708-1-1-IDBD-D100215-d-08-AHL3N7AFXY-ACAGTGTATG-CCGTATGTTC-5d2465a6_S15_R1_001.postAdapt.postQual,1585,,0,70 KB,linear,urn:local:.:js-at4vm24,18S
190708-1-1-IDBD-D100215-d-08-AHL3N7AFXY-ACAGTGTATG-CCGTATGTTC-5d2465a6_S15_R1_001.postAdapt.postQual assembled to NC_006684 extraction,,,0,434236,1310,93.80%,38.90%,94.90%,50.70%,,,,Thu Aug 08 14:17:11 MDT 2019,"1,309 reads from 190708-1-1-IDBD-D100215-d-08-AHL3N7AFXY-ACAGTGTATG-CCGTATGTTC-5d2465a6_S15_R1_001.postAdapt.postQual mapped to NC_006684 extraction using Geneious",,TRUE,,190708-1-1-IDBD-D100215-d-08-AHL3N7AFXY-ACAGTGTATG-CCGTATGTTC-5d2465a6_S15_R1_001.postAdapt.postQual.fastq.gz,/Volumes/IDbyDNA RAID/Heng/community standard,,147,0.735924944,60,Thu Aug 08 14:17:11 MDT 2019,Illumina,0,250637,NC_006684 extraction,190708-1-1-IDBD-D100215-d-08-AHL3N7AFXY-ACAGTGTATG-CCGTATGTTC-5d2465a6_S15_R1_001.postAdapt.postQual,251118,,0,"1,166 KB",linear,urn:local:.:k7-at4vrpb,Chr2
190716-2-1-IDBD-D100245-d-01-AHMV77AFXY-GAACTGAGCG-CGCTCCACGA-5d2f3c2c_S1_R1_001.postAdapt.postQual assembled to Cryptococcus neoformans 18S extraction,,,0,174568,1223,69.30%,100.00%,94.50%,47.80%,,,,Thu Aug 08 14:16:39 MDT 2019,"1,222 reads from 190716-2-1-IDBD-D100245-d-01-AHMV77AFXY-GAACTGAGCG-CGCTCCACGA-5d2f3c2c_S1_R1_001.postAdapt.postQual mapped to Cryptococcus neoformans 18S extraction using Geneious",,TRUE,,190716-2-1-IDBD-D100245-d-01-AHMV77AFXY-GAACTGAGCG-CGCTCCACGA-5d2f3c2c_S1_R1_001.postAdapt.postQual.fastq.gz,/Volumes/IDbyDNA RAID/Heng/community standard,,147,116.780772,62,Thu Aug 08 14:16:39 MDT 2019,Illumina,0,1373,Cryptococcus neoformans 18S extraction,190716-2-1-IDBD-D100245-d-01-AHMV77AFXY-GAACTGAGCG-CGCTCCACGA-5d2f3c2c_S1_R1_001.postAdapt.postQual,1635,,0,201 KB,linear,urn:local:.:k2-at4vp9a,18S
190716-2-1-IDBD-D100245-d-01-AHMV77AFXY-GAACTGAGCG-CGCTCCACGA-5d2f3c2c_S1_R1_001.postAdapt.postQual assembled to NC_006684 extraction,,,0,982217,5172,91.20%,89.50%,94.80%,48.90%,,,,Thu Aug 08 14:17:54 MDT 2019,"5,171 reads from 190716-2-1-IDBD-D100245-d-01-AHMV77AFXY-GAACTGAGCG-CGCTCCACGA-5d2f3c2c_S1_R1_001.postAdapt.postQual mapped to NC_006684 extraction using Geneious",,TRUE,,190716-2-1-IDBD-D100245-d-01-AHMV77AFXY-GAACTGAGCG-CGCTCCACGA-5d2f3c2c_S1_R1_001.postAdapt.postQual.fastq.gz,/Volumes/IDbyDNA RAID/Heng/community standard,,147,2.922336604,60,Thu Aug 08 14:17:54 MDT 2019,Illumina,0,250637,NC_006684 extraction,190716-2-1-IDBD-D100245-d-01-AHMV77AFXY-GAACTGAGCG-CGCTCCACGA-5d2f3c2c_S1_R1_001.postAdapt.postQual,252178,,0,"1,842 KB",linear,urn:local:.:kh-at4vuza,Chr2
190716-2-1-IDBD-D100246-d-04-AHMV77AFXY-ATTCCATAAG-CCACCAGGCA-5d2f3c2c_S7_R1_001.postAdapt.postQual assembled to Cryptococcus neoformans 18S extraction,429,14,0,108647,766,73.20%,100.00%,94.90%,47.80%,55,1615,<1>Low,Thu Aug 08 14:17:28 MDT 2019,765 reads from 190716-2-1-IDBD-D100246-d-04-AHMV77AFXY-ATTCCATAAG-CCACCAGGCA-5d2f3c2c_S7_R1_001.postAdapt.postQual mapped to Cryptococcus neoformans 18S extraction using Geneious,"Ambiguities, # Disagreements",TRUE,99.10%,190716-2-1-IDBD-D100246-d-04-AHMV77AFXY-ATTCCATAAG-CCACCAGGCA-5d2f3c2c_S7_R1_001.postAdapt.postQual.fastq.gz,/Volumes/IDbyDNA RAID/Heng/community standard,0.00%,147,73.07210488,61,Thu Aug 08 14:17:28 MDT 2019,Illumina,0,1373,Cryptococcus neoformans 18S extraction,190716-2-1-IDBD-D100246-d-04-AHMV77AFXY-ATTCCATAAG-CCACCAGGCA-5d2f3c2c_S7_R1_001.postAdapt.postQual,1615,,0,125 KB,linear,urn:local:.:kc-at4vt0e,18S
190716-2-1-IDBD-D100246-d-04-AHMV77AFXY-ATTCCATAAG-CCACCAGGCA-5d2f3c2c_S7_R1_001.postAdapt.postQual assembled to NC_006684 extraction,,,0,954787,5035,91.40%,82.40%,95.00%,49.20%,,,,Thu Aug 08 14:18:46 MDT 2019,"5,034 reads from 190716-2-1-IDBD-D100246-d-04-AHMV77AFXY-ATTCCATAAG-CCACCAGGCA-5d2f3c2c_S7_R1_001.postAdapt.postQual mapped to NC_006684 extraction using Geneious",,TRUE,,190716-2-1-IDBD-D100246-d-04-AHMV77AFXY-ATTCCATAAG-CCACCAGGCA-5d2f3c2c_S7_R1_001.postAdapt.postQual.fastq.gz,/Volumes/IDbyDNA RAID/Heng/community standard,,147,2.811709093,60,Thu Aug 08 14:18:46 MDT 2019,Illumina,0,250637,NC_006684 extraction,190716-2-1-IDBD-D100246-d-04-AHMV77AFXY-ATTCCATAAG-CCACCAGGCA-5d2f3c2c_S7_R1_001.postAdapt.postQual,252163,,0,"1,840 KB",linear,urn:local:.:kr-at4vz01,Chr2
190716-2-1-IDBD-D100247-d-05-AHMV77AFXY-GACGAGATTA-AGGATAATGT-5d2f3c2c_S9_R1_001.postAdapt.postQual assembled to Cryptococcus neoformans 18S extraction,368,10,0,84976,588,77.00%,100.00%,95.00%,48.00%,102,1625,<1>Low,Thu Aug 08 14:18:13 MDT 2019,587 reads from 190716-2-1-IDBD-D100247-d-05-AHMV77AFXY-GACGAGATTA-AGGATAATGT-5d2f3c2c_S9_R1_001.postAdapt.postQual mapped to Cryptococcus neoformans 18S extraction using Geneious,"Ambiguities, # Disagreements",TRUE,98.50%,190716-2-1-IDBD-D100247-d-05-AHMV77AFXY-GACGAGATTA-AGGATAATGT-5d2f3c2c_S9_R1_001.postAdapt.postQual.fastq.gz,/Volumes/IDbyDNA RAID/Heng/community standard,0.00%,147,56.94246176,69,Thu Aug 08 14:18:13 MDT 2019,Illumina,0,1373,Cryptococcus neoformans 18S extraction,190716-2-1-IDBD-D100247-d-05-AHMV77AFXY-GACGAGATTA-AGGATAATGT-5d2f3c2c_S9_R1_001.postAdapt.postQual,1625,,0,98 KB,linear,urn:local:.:km-at4vwi4,18S
190716-2-1-IDBD-D100247-d-05-AHMV77AFXY-GACGAGATTA-AGGATAATGT-5d2f3c2c_S9_R1_001.postAdapt.postQual assembled to NC_006684 extraction,,,0,895774,4532,91.40%,77.70%,95.00%,49.70%,,,,Thu Aug 08 14:19:29 MDT 2019,"4,531 reads from 190716-2-1-IDBD-D100247-d-05-AHMV77AFXY-GACGAGATTA-AGGATAATGT-5d2f3c2c_S9_R1_001.postAdapt.postQual mapped to NC_006684 extraction using Geneious",,TRUE,,190716-2-1-IDBD-D100247-d-05-AHMV77AFXY-GACGAGATTA-AGGATAATGT-5d2f3c2c_S9_R1_001.postAdapt.postQual.fastq.gz,/Volumes/IDbyDNA RAID/Heng/community standard,,147,2.580650795,60,Thu Aug 08 14:19:30 MDT 2019,Illumina,0,250637,NC_006684 extraction,190716-2-1-IDBD-D100247-d-05-AHMV77AFXY-GACGAGATTA-AGGATAATGT-5d2f3c2c_S9_R1_001.postAdapt.postQual,251938,,0,"1,746 KB",linear,urn:local:.:l1-at4w2dk,Chr2
190716-2-1-IDBD-D100248-d-06-AHMV77AFXY-AACATCGCGC-ACAAGTGGAC-5d2f3c2c_S11_R1_001.postAdapt.postQual assembled to Cryptococcus neoformans 18S extraction,414,12,0,90861,628,74.00%,100.00%,94.90%,46.70%,36,1619,<1>Low,Thu Aug 08 14:18:59 MDT 2019,627 reads from 190716-2-1-IDBD-D100248-d-06-AHMV77AFXY-AACATCGCGC-ACAAGTGGAC-5d2f3c2c_S11_R1_001.postAdapt.postQual mapped to Cryptococcus neoformans 18S extraction using Geneious,"Ambiguities, # Disagreements",TRUE,98.20%,190716-2-1-IDBD-D100248-d-06-AHMV77AFXY-AACATCGCGC-ACAAGTGGAC-5d2f3c2c_S11_R1_001.postAdapt.postQual.fastq.gz,/Volumes/IDbyDNA RAID/Heng/community standard,0.00%,147,60.15513474,74,Thu Aug 08 14:18:59 MDT 2019,Illumina,0,1373,Cryptococcus neoformans 18S extraction,190716-2-1-IDBD-D100248-d-06-AHMV77AFXY-AACATCGCGC-ACAAGTGGAC-5d2f3c2c_S11_R1_001.postAdapt.postQual,1619,,0,105 KB,linear,urn:local:.:kw-at4vzzo,18S
190716-2-1-IDBD-D100248-d-06-AHMV77AFXY-AACATCGCGC-ACAAGTGGAC-5d2f3c2c_S11_R1_001.postAdapt.postQual assembled to NC_006684 extraction,,,0,451353,1418,93.70%,45.00%,95.10%,50.20%,,,,Thu Aug 08 14:20:12 MDT 2019,"1,417 reads from 190716-2-1-IDBD-D100248-d-06-AHMV77AFXY-AACATCGCGC-ACAAGTGGAC-5d2f3c2c_S11_R1_001.postAdapt.postQual mapped to NC_006684 extraction using Geneious",,TRUE,,190716-2-1-IDBD-D100248-d-06-AHMV77AFXY-AACATCGCGC-ACAAGTGGAC-5d2f3c2c_S11_R1_001.postAdapt.postQual.fastq.gz,/Volumes/IDbyDNA RAID/Heng/community standard,,147,0.804371706,63,Thu Aug 08 14:20:12 MDT 2019,Illumina,0,250637,NC_006684 extraction,190716-2-1-IDBD-D100248-d-06-AHMV77AFXY-AACATCGCGC-ACAAGTGGAC-5d2f3c2c_S11_R1_001.postAdapt.postQual,251252,,0,"1,217 KB",linear,urn:local:.:lb-at4w5mz,Chr2
190716-2-1-IDBD-D100249-d-07-AHMV77AFXY-CTAGTGCTCT-TACTGTTCCA-5d2f3c2c_S13_R1_001.postAdapt.postQual assembled to Cryptococcus neoformans 18S extraction,385,14,0,73667,509,75.80%,100.00%,95.30%,47.00%,20,1590,<1>Low,Thu Aug 08 14:19:42 MDT 2019,508 reads from 190716-2-1-IDBD-D100249-d-07-AHMV77AFXY-CTAGTGCTCT-TACTGTTCCA-5d2f3c2c_S13_R1_001.postAdapt.postQual mapped to Cryptococcus neoformans 18S extraction using Geneious,"Ambiguities, # Disagreements",TRUE,99.90%,190716-2-1-IDBD-D100249-d-07-AHMV77AFXY-CTAGTGCTCT-TACTGTTCCA-5d2f3c2c_S13_R1_001.postAdapt.postQual.fastq.gz,/Volumes/IDbyDNA RAID/Heng/community standard,0.00%,147,49.15003642,60,Thu Aug 08 14:19:42 MDT 2019,Illumina,0,1373,Cryptococcus neoformans 18S extraction,190716-2-1-IDBD-D100249-d-07-AHMV77AFXY-CTAGTGCTCT-TACTGTTCCA-5d2f3c2c_S13_R1_001.postAdapt.postQual,1590,,0,85 KB,linear,urn:local:.:l6-at4w3c6,18S
190716-2-1-IDBD-D100249-d-07-AHMV77AFXY-CTAGTGCTCT-TACTGTTCCA-5d2f3c2c_S13_R1_001.postAdapt.postQual assembled to NC_006684 extraction,,,0,444103,1360,93.20%,41.00%,94.90%,50.90%,,,,Thu Aug 08 14:20:57 MDT 2019,"1,359 reads from 190716-2-1-IDBD-D100249-d-07-AHMV77AFXY-CTAGTGCTCT-TACTGTTCCA-5d2f3c2c_S13_R1_001.postAdapt.postQual mapped to NC_006684 extraction using Geneious",,TRUE,,190716-2-1-IDBD-D100249-d-07-AHMV77AFXY-CTAGTGCTCT-TACTGTTCCA-5d2f3c2c_S13_R1_001.postAdapt.postQual.fastq.gz,/Volumes/IDbyDNA RAID/Heng/community standard,,147,0.775185527,61,Thu Aug 08 14:20:57 MDT 2019,Illumina,0,250637,NC_006684 extraction,190716-2-1-IDBD-D100249-d-07-AHMV77AFXY-CTAGTGCTCT-TACTGTTCCA-5d2f3c2c_S13_R1_001.postAdapt.postQual,251176,,0,"1,177 KB",linear,urn:local:.:ll-at4w948,Chr2
190716-2-1-IDBD-D100250-d-08-AHMV77AFXY-GATCAAGGCA-ATTAACAAGG-5d2f3c2c_S15_R1_001.postAdapt.postQual assembled to Cryptococcus neoformans 18S extraction,354,15,0,88293,614,77.70%,100.00%,95.00%,46.40%,14,1626,<1>Low,Thu Aug 08 14:20:35 MDT 2019,613 reads from 190716-2-1-IDBD-D100250-d-08-AHMV77AFXY-GATCAAGGCA-ATTAACAAGG-5d2f3c2c_S15_R1_001.postAdapt.postQual mapped to Cryptococcus neoformans 18S extraction using Geneious,"Ambiguities, # Disagreements",TRUE,97.40%,190716-2-1-IDBD-D100250-d-08-AHMV77AFXY-GATCAAGGCA-ATTAACAAGG-5d2f3c2c_S15_R1_001.postAdapt.postQual.fastq.gz,/Volumes/IDbyDNA RAID/Heng/community standard,0.00%,147,58.85651857,64,Thu Aug 08 14:20:35 MDT 2019,Illumina,0,1373,Cryptococcus neoformans 18S extraction,190716-2-1-IDBD-D100250-d-08-AHMV77AFXY-GATCAAGGCA-ATTAACAAGG-5d2f3c2c_S15_R1_001.postAdapt.postQual,1626,,0,102 KB,linear,urn:local:.:lg-at4w7g6,18S
190716-2-1-IDBD-D100250-d-08-AHMV77AFXY-GATCAAGGCA-ATTAACAAGG-5d2f3c2c_S15_R1_001.postAdapt.postQual assembled to NC_006684 extraction,,,0,519836,1905,93.30%,47.00%,95.10%,51.20%,,,,Thu Aug 08 14:21:51 MDT 2019,"1,904 reads from 190716-2-1-IDBD-D100250-d-08-AHMV77AFXY-GATCAAGGCA-ATTAACAAGG-5d2f3c2c_S15_R1_001.postAdapt.postQual mapped to NC_006684 extraction using Geneious",,TRUE,,190716-2-1-IDBD-D100250-d-08-AHMV77AFXY-GATCAAGGCA-ATTAACAAGG-5d2f3c2c_S15_R1_001.postAdapt.postQual.fastq.gz,/Volumes/IDbyDNA RAID/Heng/community standard,,147,1.079825378,63,Thu Aug 08 14:21:51 MDT 2019,Illumina,0,250637,NC_006684 extraction,190716-2-1-IDBD-D100250-d-08-AHMV77AFXY-GATCAAGGCA-ATTAACAAGG-5d2f3c2c_S15_R1_001.postAdapt.postQual,251286,,0,"1,273 KB",linear,urn:local:.:lv-at4wd9e,Chr2
190716-2-1-IDBD-D100251-d-02-AHMV77AFXY-AGGTCAGATA-TATCTTGTAG-5d2f3c2c_S3_R1_001.postAdapt.postQual assembled to Cryptococcus neoformans 18S extraction,352,14,0,66645,459,78.00%,100.00%,94.90%,48.00%,104,1629,<1>Low,Thu Aug 08 14:21:17 MDT 2019,458 reads from 190716-2-1-IDBD-D100251-d-02-AHMV77AFXY-AGGTCAGATA-TATCTTGTAG-5d2f3c2c_S3_R1_001.postAdapt.postQual mapped to Cryptococcus neoformans 18S extraction using Geneious,"Ambiguities, # Disagreements",TRUE,98.20%,190716-2-1-IDBD-D100251-d-02-AHMV77AFXY-AGGTCAGATA-TATCTTGTAG-5d2f3c2c_S3_R1_001.postAdapt.postQual.fastq.gz,/Volumes/IDbyDNA RAID/Heng/community standard,0.00%,147,44.80480699,68,Thu Aug 08 14:21:17 MDT 2019,Illumina,0,1373,Cryptococcus neoformans 18S extraction,190716-2-1-IDBD-D100251-d-02-AHMV77AFXY-AGGTCAGATA-TATCTTGTAG-5d2f3c2c_S3_R1_001.postAdapt.postQual,1629,,0,77 KB,linear,urn:local:.:lq-at4waos,18S
190716-2-1-IDBD-D100251-d-02-AHMV77AFXY-AGGTCAGATA-TATCTTGTAG-5d2f3c2c_S3_R1_001.postAdapt.postQual assembled to NC_006684 extraction,,,0,763472,3623,91.80%,68.00%,95.10%,49.90%,,,,Thu Aug 08 14:22:33 MDT 2019,"3,622 reads from 190716-2-1-IDBD-D100251-d-02-AHMV77AFXY-AGGTCAGATA-TATCTTGTAG-5d2f3c2c_S3_R1_001.postAdapt.postQual mapped to NC_006684 extraction using Geneious",,TRUE,,190716-2-1-IDBD-D100251-d-02-AHMV77AFXY-AGGTCAGATA-TATCTTGTAG-5d2f3c2c_S3_R1_001.postAdapt.postQual.fastq.gz,/Volumes/IDbyDNA RAID/Heng/community standard,,147,2.052161925,61,Thu Aug 08 14:22:33 MDT 2019,Illumina,0,250637,NC_006684 extraction,190716-2-1-IDBD-D100251-d-02-AHMV77AFXY-AGGTCAGATA-TATCTTGTAG-5d2f3c2c_S3_R1_001.postAdapt.postQual,251697,,0,"1,596 KB",linear,urn:local:.:m5-at4wgie,Chr2
190716-2-1-IDBD-D100252-d-03-AHMV77AFXY-CGTCTCATAT-AGCTACTATA-5d2f3c2c_S5_R1_001.postAdapt.postQual assembled to Cryptococcus neoformans 18S extraction,,,0,165840,1161,65.00%,100.00%,93.80%,48.40%,,,,Thu Aug 08 14:22:05 MDT 2019,"1,160 reads from 190716-2-1-IDBD-D100252-d-03-AHMV77AFXY-CGTCTCATAT-AGCTACTATA-5d2f3c2c_S5_R1_001.postAdapt.postQual mapped to Cryptococcus neoformans 18S extraction using Geneious",,TRUE,,190716-2-1-IDBD-D100252-d-03-AHMV77AFXY-CGTCTCATAT-AGCTACTATA-5d2f3c2c_S5_R1_001.postAdapt.postQual.fastq.gz,/Volumes/IDbyDNA RAID/Heng/community standard,,147,113.1048798,60,Thu Aug 08 14:22:05 MDT 2019,Illumina,0,1373,Cryptococcus neoformans 18S extraction,190716-2-1-IDBD-D100252-d-03-AHMV77AFXY-CGTCTCATAT-AGCTACTATA-5d2f3c2c_S5_R1_001.postAdapt.postQual,1636,,0,192 KB,linear,urn:local:.:m0-at4wech,18S
190716-2-1-IDBD-D100252-d-03-AHMV77AFXY-CGTCTCATAT-AGCTACTATA-5d2f3c2c_S5_R1_001.postAdapt.postQual assembled to NC_006684 extraction,,,0,1022104,5448,91.10%,89.50%,94.90%,49.00%,,,,Thu Aug 08 14:23:20 MDT 2019,"5,447 reads from 190716-2-1-IDBD-D100252-d-03-AHMV77AFXY-CGTCTCATAT-AGCTACTATA-5d2f3c2c_S5_R1_001.postAdapt.postQual mapped to NC_006684 extraction using Geneious",,TRUE,,190716-2-1-IDBD-D100252-d-03-AHMV77AFXY-CGTCTCATAT-AGCTACTATA-5d2f3c2c_S5_R1_001.postAdapt.postQual.fastq.gz,/Volumes/IDbyDNA RAID/Heng/community standard,,147,3.082051058,60,Thu Aug 08 14:23:20 MDT 2019,Illumina,0,250637,NC_006684 extraction,190716-2-1-IDBD-D100252-d-03-AHMV77AFXY-CGTCTCATAT-AGCTACTATA-5d2f3c2c_S5_R1_001.postAdapt.postQual,252221,,0,"1,908 KB",linear,urn:local:.:mf-at4wk78,Chr2
190717-1-1-IDBD-D100253-d-01-AHMW5VAFXY-GAGAATGGTT-TTGCTGCCGA-5d3032bd_S1_R1_001.postAdapt.postQual assembled to Cryptococcus neoformans 18S extraction,418,14,0,63863,444,74.00%,100.00%,94.40%,46.40%,10,1620,<1>Low,Thu Aug 08 14:22:52 MDT 2019,443 reads from 190717-1-1-IDBD-D100253-d-01-AHMW5VAFXY-GAGAATGGTT-TTGCTGCCGA-5d3032bd_S1_R1_001.postAdapt.postQual mapped to Cryptococcus neoformans 18S extraction using Geneious,"Ambiguities, # Disagreements",TRUE,99.40%,190717-1-1-IDBD-D100253-d-01-AHMW5VAFXY-GAGAATGGTT-TTGCTGCCGA-5d3032bd_S1_R1_001.postAdapt.postQual.fastq.gz,/Volumes/IDbyDNA RAID/Heng/community standard,0.00%,147,42.19883467,66,Thu Aug 08 14:22:52 MDT 2019,Illumina,0,1373,Cryptococcus neoformans 18S extraction,190717-1-1-IDBD-D100253-d-01-AHMW5VAFXY-GAGAATGGTT-TTGCTGCCGA-5d3032bd_S1_R1_001.postAdapt.postQual,1620,,0,74 KB,linear,urn:local:.:ma-at4wi0d,18S
190717-1-1-IDBD-D100253-d-01-AHMW5VAFXY-GAGAATGGTT-TTGCTGCCGA-5d3032bd_S1_R1_001.postAdapt.postQual assembled to NC_006684 extraction,,,0,575886,2318,92.60%,49.10%,95.10%,51.00%,,,,Thu Aug 08 14:24:09 MDT 2019,"2,317 reads from 190717-1-1-IDBD-D100253-d-01-AHMW5VAFXY-GAGAATGGTT-TTGCTGCCGA-5d3032bd_S1_R1_001.postAdapt.postQual mapped to NC_006684 extraction using Geneious",,TRUE,,190717-1-1-IDBD-D100253-d-01-AHMW5VAFXY-GAGAATGGTT-TTGCTGCCGA-5d3032bd_S1_R1_001.postAdapt.postQual.fastq.gz,/Volumes/IDbyDNA RAID/Heng/community standard,,147,1.304233657,60,Thu Aug 08 14:24:09 MDT 2019,Illumina,0,250637,NC_006684 extraction,190717-1-1-IDBD-D100253-d-01-AHMW5VAFXY-GAGAATGGTT-TTGCTGCCGA-5d3032bd_S1_R1_001.postAdapt.postQual,251343,,0,"1,368 KB",linear,urn:local:.:mp-at4wnys,Chr2
190717-1-1-IDBD-D100254-d-02-AHMW5VAFXY-AGAGGCAACC-CCATCATTAG-5d3032bd_S3_R1_001.postAdapt.postQual assembled to Cryptococcus neoformans 18S extraction,494,28,0,64563,451,68.80%,100.00%,94.30%,47.20%,66,1621,<1>Low,Thu Aug 08 14:23:46 MDT 2019,450 reads from 190717-1-1-IDBD-D100254-d-02-AHMW5VAFXY-AGAGGCAACC-CCATCATTAG-5d3032bd_S3_R1_001.postAdapt.postQual mapped to Cryptococcus neoformans 18S extraction using Geneious,"Ambiguities, # Disagreements",TRUE,97.40%,190717-1-1-IDBD-D100254-d-02-AHMW5VAFXY-AGAGGCAACC-CCATCATTAG-5d3032bd_S3_R1_001.postAdapt.postQual.fastq.gz,/Volumes/IDbyDNA RAID/Heng/community standard,0.00%,147,42.76547706,62,Thu Aug 08 14:23:46 MDT 2019,Illumina,0,1373,Cryptococcus neoformans 18S extraction,190717-1-1-IDBD-D100254-d-02-AHMW5VAFXY-AGAGGCAACC-CCATCATTAG-5d3032bd_S3_R1_001.postAdapt.postQual,1621,,0,75 KB,linear,urn:local:.:mk-at4wm4x,18S
190717-1-1-IDBD-D100254-d-02-AHMW5VAFXY-AGAGGCAACC-CCATCATTAG-5d3032bd_S3_R1_001.postAdapt.postQual assembled to NC_006684 extraction,,,0,694368,3158,91.90%,57.90%,94.80%,50.80%,,,,Thu Aug 08 14:25:03 MDT 2019,"3,157 reads from 190717-1-1-IDBD-D100254-d-02-AHMW5VAFXY-AGAGGCAACC-CCATCATTAG-5d3032bd_S3_R1_001.postAdapt.postQual mapped to NC_006684 extraction using Geneious",,TRUE,,190717-1-1-IDBD-D100254-d-02-AHMW5VAFXY-AGAGGCAACC-CCATCATTAG-5d3032bd_S3_R1_001.postAdapt.postQual.fastq.gz,/Volumes/IDbyDNA RAID/Heng/community standard,,147,1.778917999,61,Thu Aug 08 14:25:03 MDT 2019,Illumina,0,250637,NC_006684 extraction,190717-1-1-IDBD-D100254-d-02-AHMW5VAFXY-AGAGGCAACC-CCATCATTAG-5d3032bd_S3_R1_001.postAdapt.postQual,251608,,0,"1,526 KB",linear,urn:local:.:mz-at4ws3j,Chr2
190717-1-1-IDBD-D100255-d-03-AHMW5VAFXY-CCATCATTAG-AGAGGCAACC-5d3032bd_S5_R1_001.postAdapt.postQual assembled to Cryptococcus neoformans 18S extraction,423,14,0,73997,515,73.50%,100.00%,95.00%,46.70%,30,1599,<1>Low,Thu Aug 08 14:24:35 MDT 2019,514 reads from 190717-1-1-IDBD-D100255-d-03-AHMW5VAFXY-CCATCATTAG-AGAGGCAACC-5d3032bd_S5_R1_001.postAdapt.postQual mapped to Cryptococcus neoformans 18S extraction using Geneious,"Ambiguities, # Disagreements",TRUE,99.90%,190717-1-1-IDBD-D100255-d-03-AHMW5VAFXY-CCATCATTAG-AGAGGCAACC-5d3032bd_S5_R1_001.postAdapt.postQual.fastq.gz,/Volumes/IDbyDNA RAID/Heng/community standard,0.00%,147,48.79533867,73,Thu Aug 08 14:24:35 MDT 2019,Illumina,0,1373,Cryptococcus neoformans 18S extraction,190717-1-1-IDBD-D100255-d-03-AHMW5VAFXY-CCATCATTAG-AGAGGCAACC-5d3032bd_S5_R1_001.postAdapt.postQual,1599,,0,85 KB,linear,urn:local:.:mu-at4wpx5,18S
190717-1-1-IDBD-D100255-d-03-AHMW5VAFXY-CCATCATTAG-AGAGGCAACC-5d3032bd_S5_R1_001.postAdapt.postQual assembled to NC_006684 extraction,,,0,492434,1727,93.30%,43.40%,95.20%,51.10%,,,,Thu Aug 08 14:25:53 MDT 2019,"1,726 reads from 190717-1-1-IDBD-D100255-d-03-AHMW5VAFXY-CCATCATTAG-AGAGGCAACC-5d3032bd_S5_R1_001.postAdapt.postQual mapped to NC_006684 extraction using Geneious",,TRUE,,190717-1-1-IDBD-D100255-d-03-AHMW5VAFXY-CCATCATTAG-AGAGGCAACC-5d3032bd_S5_R1_001.postAdapt.postQual.fastq.gz,/Volumes/IDbyDNA RAID/Heng/community standard,,147,0.969157104,61,Thu Aug 08 14:25:53 MDT 2019,Illumina,0,250637,NC_006684 extraction,190717-1-1-IDBD-D100255-d-03-AHMW5VAFXY-CCATCATTAG-AGAGGCAACC-5d3032bd_S5_R1_001.postAdapt.postQual,251241,,0,"1,224 KB",linear,urn:local:.:n9-at4wvyv,Chr2
190717-1-1-IDBD-D100256-d-04-AHMW5VAFXY-GATAGGCCGA-GCCATGTGCG-5d3032bd_S7_R1_001.postAdapt.postQual assembled to Cryptococcus neoformans 18S extraction,524,20,0,103672,726,67.00%,100.00%,94.70%,46.40%,27,1603,<1>Low,Thu Aug 08 14:25:25 MDT 2019,725 reads from 190717-1-1-IDBD-D100256-d-04-AHMW5VAFXY-GATAGGCCGA-GCCATGTGCG-5d3032bd_S7_R1_001.postAdapt.postQual mapped to Cryptococcus neoformans 18S extraction using Geneious,"Ambiguities, # Disagreements",TRUE,98.90%,190717-1-1-IDBD-D100256-d-04-AHMW5VAFXY-GATAGGCCGA-GCCATGTGCG-5d3032bd_S7_R1_001.postAdapt.postQual.fastq.gz,/Volumes/IDbyDNA RAID/Heng/community standard,0.00%,147,69.00145666,61,Thu Aug 08 14:25:25 MDT 2019,Illumina,0,1373,Cryptococcus neoformans 18S extraction,190717-1-1-IDBD-D100256-d-04-AHMW5VAFXY-GATAGGCCGA-GCCATGTGCG-5d3032bd_S7_R1_001.postAdapt.postQual,1603,,0,120 KB,linear,urn:local:.:n4-at4wtsr,18S
190717-1-1-IDBD-D100256-d-04-AHMW5VAFXY-GATAGGCCGA-GCCATGTGCG-5d3032bd_S7_R1_001.postAdapt.postQual assembled to NC_006684 extraction,,,0,444280,1384,93.80%,45.10%,95.20%,49.80%,,,,Thu Aug 08 14:26:45 MDT 2019,"1,383 reads from 190717-1-1-IDBD-D100256-d-04-AHMW5VAFXY-GATAGGCCGA-GCCATGTGCG-5d3032bd_S7_R1_001.postAdapt.postQual mapped to NC_006684 extraction using Geneious",,TRUE,,190717-1-1-IDBD-D100256-d-04-AHMW5VAFXY-GATAGGCCGA-GCCATGTGCG-5d3032bd_S7_R1_001.postAdapt.postQual.fastq.gz,/Volumes/IDbyDNA RAID/Heng/community standard,,147,0.775224099,60,Thu Aug 08 14:26:45 MDT 2019,Illumina,0,250637,NC_006684 extraction,190717-1-1-IDBD-D100256-d-04-AHMW5VAFXY-GATAGGCCGA-GCCATGTGCG-5d3032bd_S7_R1_001.postAdapt.postQual,251228,,0,"1,163 KB",linear,urn:local:.:nj-at4wzzg,Chr2
190717-1-1-IDBD-D100257-d-05-AHMW5VAFXY-ATGGTTGACT-AGGACAGGCC-5d3032bd_S9_R1_001.postAdapt.postQual assembled to Cryptococcus neoformans 18S extraction,504,19,0,82818,579,68.30%,100.00%,94.00%,46.40%,23,1632,<1>Low,Thu Aug 08 14:26:28 MDT 2019,578 reads from 190717-1-1-IDBD-D100257-d-05-AHMW5VAFXY-ATGGTTGACT-AGGACAGGCC-5d3032bd_S9_R1_001.postAdapt.postQual mapped to Cryptococcus neoformans 18S extraction using Geneious,"Ambiguities, # Disagreements",TRUE,97.30%,190717-1-1-IDBD-D100257-d-05-AHMW5VAFXY-ATGGTTGACT-AGGACAGGCC-5d3032bd_S9_R1_001.postAdapt.postQual.fastq.gz,/Volumes/IDbyDNA RAID/Heng/community standard,0.00%,147,54.11580481,62,Thu Aug 08 14:26:28 MDT 2019,Illumina,0,1373,Cryptococcus neoformans 18S extraction,190717-1-1-IDBD-D100257-d-05-AHMW5VAFXY-ATGGTTGACT-AGGACAGGCC-5d3032bd_S9_R1_001.postAdapt.postQual,1632,,0,96 KB,linear,urn:local:.:ne-at4wyp1,18S
190717-1-1-IDBD-D100257-d-05-AHMW5VAFXY-ATGGTTGACT-AGGACAGGCC-5d3032bd_S9_R1_001.postAdapt.postQual assembled to NC_006684 extraction,,,0,688254,3124,92.00%,56.30%,95.10%,51.10%,,,,Thu Aug 08 14:27:50 MDT 2019,"3,123 reads from 190717-1-1-IDBD-D100257-d-05-AHMW5VAFXY-ATGGTTGACT-AGGACAGGCC-5d3032bd_S9_R1_001.postAdapt.postQual mapped to NC_006684 extraction using Geneious",,TRUE,,190717-1-1-IDBD-D100257-d-05-AHMW5VAFXY-ATGGTTGACT-AGGACAGGCC-5d3032bd_S9_R1_001.postAdapt.postQual.fastq.gz,/Volumes/IDbyDNA RAID/Heng/community standard,,147,1.75565449,60,Thu Aug 08 14:27:50 MDT 2019,Illumina,0,250637,NC_006684 extraction,190717-1-1-IDBD-D100257-d-05-AHMW5VAFXY-ATGGTTGACT-AGGACAGGCC-5d3032bd_S9_R1_001.postAdapt.postQual,251570,,0,"1,519 KB",linear,urn:local:.:nt-at4x4z8,Chr2
190717-1-1-IDBD-D100258-d-06-AHMW5VAFXY-TATTGCGCTC-CCTAACACAG-5d3032bd_S11_R1_001.postAdapt.postQual assembled to Cryptococcus neoformans 18S extraction,317,12,0,54818,382,79.80%,100.00%,94.90%,46.90%,74,1575,<1>Low,Thu Aug 08 14:27:21 MDT 2019,381 reads from 190717-1-1-IDBD-D100258-d-06-AHMW5VAFXY-TATTGCGCTC-CCTAACACAG-5d3032bd_S11_R1_001.postAdapt.postQual mapped to Cryptococcus neoformans 18S extraction using Geneious,"Ambiguities, # Disagreements",TRUE,99.60%,190717-1-1-IDBD-D100258-d-06-AHMW5VAFXY-TATTGCGCTC-CCTAACACAG-5d3032bd_S11_R1_001.postAdapt.postQual.fastq.gz,/Volumes/IDbyDNA RAID/Heng/community standard,0.10%,147,36.67953387,61,Thu Aug 08 14:27:21 MDT 2019,Illumina,0,1373,Cryptococcus neoformans 18S extraction,190717-1-1-IDBD-D100258-d-06-AHMW5VAFXY-TATTGCGCTC-CCTAACACAG-5d3032bd_S11_R1_001.postAdapt.postQual,1575,,0,63 KB,linear,urn:local:.:no-at4x2s4,18S
190717-1-1-IDBD-D100258-d-06-AHMW5VAFXY-TATTGCGCTC-CCTAACACAG-5d3032bd_S11_R1_001.postAdapt.postQual assembled to NC_006684 extraction,,,0,586400,2399,92.70%,48.10%,95.30%,51.00%,,,,Thu Aug 08 14:28:40 MDT 2019,"2,398 reads from 190717-1-1-IDBD-D100258-d-06-AHMW5VAFXY-TATTGCGCTC-CCTAACACAG-5d3032bd_S11_R1_001.postAdapt.postQual mapped to NC_006684 extraction using Geneious",,TRUE,,190717-1-1-IDBD-D100258-d-06-AHMW5VAFXY-TATTGCGCTC-CCTAACACAG-5d3032bd_S11_R1_001.postAdapt.postQual.fastq.gz,/Volumes/IDbyDNA RAID/Heng/community standard,,147,1.345062104,61,Thu Aug 08 14:28:40 MDT 2019,Illumina,0,250637,NC_006684 extraction,190717-1-1-IDBD-D100258-d-06-AHMW5VAFXY-TATTGCGCTC-CCTAACACAG-5d3032bd_S11_R1_001.postAdapt.postQual,251433,,0,"1,358 KB",linear,urn:local:.:o3-at4x8vs,Chr2
190717-1-1-IDBD-D100259-d-07-AHMW5VAFXY-ACGCCTTGTT-ACGTTCCTTA-5d3032bd_S13_R1_001.postAdapt.postQual assembled to Cryptococcus neoformans 18S extraction,319,11,0,58743,406,80.10%,100.00%,95.10%,47.00%,35,1628,<1>Low,Thu Aug 08 14:28:17 MDT 2019,405 reads from 190717-1-1-IDBD-D100259-d-07-AHMW5VAFXY-ACGCCTTGTT-ACGTTCCTTA-5d3032bd_S13_R1_001.postAdapt.postQual mapped to Cryptococcus neoformans 18S extraction using Geneious,"Ambiguities, # Disagreements",TRUE,98.70%,190717-1-1-IDBD-D100259-d-07-AHMW5VAFXY-ACGCCTTGTT-ACGTTCCTTA-5d3032bd_S13_R1_001.postAdapt.postQual.fastq.gz,/Volumes/IDbyDNA RAID/Heng/community standard,0.00%,147,38.63000728,69,Thu Aug 08 14:28:17 MDT 2019,Illumina,0,1373,Cryptococcus neoformans 18S extraction,190717-1-1-IDBD-D100259-d-07-AHMW5VAFXY-ACGCCTTGTT-ACGTTCCTTA-5d3032bd_S13_R1_001.postAdapt.postQual,1628,,0,68 KB,linear,urn:local:.:ny-at4x731,18S
190717-1-1-IDBD-D100259-d-07-AHMW5VAFXY-ACGCCTTGTT-ACGTTCCTTA-5d3032bd_S13_R1_001.postAdapt.postQual assembled to NC_006684 extraction,,,0,727641,3394,92.00%,61.50%,95.00%,50.40%,,,,Thu Aug 08 14:29:30 MDT 2019,"3,393 reads from 190717-1-1-IDBD-D100259-d-07-AHMW5VAFXY-ACGCCTTGTT-ACGTTCCTTA-5d3032bd_S13_R1_001.postAdapt.postQual mapped to NC_006684 extraction using Geneious",,TRUE,,190717-1-1-IDBD-D100259-d-07-AHMW5VAFXY-ACGCCTTGTT-ACGTTCCTTA-5d3032bd_S13_R1_001.postAdapt.postQual.fastq.gz,/Volumes/IDbyDNA RAID/Heng/community standard,,147,1.911763654,60,Thu Aug 08 14:29:30 MDT 2019,Illumina,0,250637,NC_006684 extraction,190717-1-1-IDBD-D100259-d-07-AHMW5VAFXY-ACGCCTTGTT-ACGTTCCTTA-5d3032bd_S13_R1_001.postAdapt.postQual,251631,,0,"1,568 KB",linear,urn:local:.:od-at4xcqy,Chr2
190717-1-1-IDBD-D100260-d-08-AHMW5VAFXY-TTCTACATAC-TTACAGTTAG-5d3032bd_S15_R1_001.postAdapt.postQual assembled to Cryptococcus neoformans 18S extraction,400,13,0,85368,593,75.00%,100.00%,94.90%,48.00%,92,1631,<1>Low,Thu Aug 08 14:29:05 MDT 2019,592 reads from 190717-1-1-IDBD-D100260-d-08-AHMW5VAFXY-TTCTACATAC-TTACAGTTAG-5d3032bd_S15_R1_001.postAdapt.postQual mapped to Cryptococcus neoformans 18S extraction using Geneious,"Ambiguities, # Disagreements",TRUE,98.00%,190717-1-1-IDBD-D100260-d-08-AHMW5VAFXY-TTCTACATAC-TTACAGTTAG-5d3032bd_S15_R1_001.postAdapt.postQual.fastq.gz,/Volumes/IDbyDNA RAID/Heng/community standard,0.20%,147,56.88565186,65,Thu Aug 08 14:29:05 MDT 2019,Illumina,0,1373,Cryptococcus neoformans 18S extraction,190717-1-1-IDBD-D100260-d-08-AHMW5VAFXY-TTCTACATAC-TTACAGTTAG-5d3032bd_S15_R1_001.postAdapt.postQual,1631,,0,99 KB,linear,urn:local:.:o8-at4xash,18S
190717-1-1-IDBD-D100260-d-08-AHMW5VAFXY-TTCTACATAC-TTACAGTTAG-5d3032bd_S15_R1_001.postAdapt.postQual assembled to NC_006684 extraction,,,0,931093,4841,91.50%,79.10%,94.90%,49.40%,,,,Thu Aug 08 14:30:09 MDT 2019,"4,840 reads from 190717-1-1-IDBD-D100260-d-08-AHMW5VAFXY-TTCTACATAC-TTACAGTTAG-5d3032bd_S15_R1_001.postAdapt.postQual mapped to NC_006684 extraction using Geneious",,TRUE,,190717-1-1-IDBD-D100260-d-08-AHMW5VAFXY-TTCTACATAC-TTACAGTTAG-5d3032bd_S15_R1_001.postAdapt.postQual.fastq.gz,/Volumes/IDbyDNA RAID/Heng/community standard,,147,2.723030705,60,Thu Aug 08 14:30:09 MDT 2019,Illumina,0,250637,NC_006684 extraction,190717-1-1-IDBD-D100260-d-08-AHMW5VAFXY-TTCTACATAC-TTACAGTTAG-5d3032bd_S15_R1_001.postAdapt.postQual,251981,,0,"1,825 KB",linear,urn:local:.:oi-at4xfp7,Chr2